CHMF,GMKN,LKOH,MSNG,NLMK,NVTK,PIKK,PLZL,SBER,YNDX,<DATE>
522.0,8590.0,2295.0,0.652,66.285,455.5,191.7,1000.5,56.37,1079.0,20150105
556.9,9101.0,2345.0,0.6625,66.7,476.7,198.9,1047.0,58.28,1092.0,20150106
542.7,9550.0,2572.0,0.686,67.41,483.0,191.2,1060.0,65.7,1094.0,20150108
548.55,9740.0,2461.0,0.686,67.9,475.1,192.7,1050.0,63.1,1098.0,20150109
558.45,9839.0,2477.0,0.6825,70.12,470.7,188.0,1020.0,62.9,1113.0,20150112
583.0,10025.0,2522.0,0.674,72.505,489.4,195.4,1035.5,60.31,1153.0,20150113
595.0,9600.0,2588.0,0.664,72.35,497.9,192.8,1024.0,60.05,1177.0,20150114
577.0,9290.0,2618.9,0.666,75.18,483.2,189.8,1045.0,61.8,1175.0,20150115
587.9,9561.0,2736.0,0.666,75.7,490.0,194.1,1076.0,61.99,1165.0,20150116
589.0,9417.0,2640.0,0.6605,75.43,487.0,188.7,1090.0,61.8,1165.0,20150119
586.9,9470.0,2628.7,0.658,76.85,475.0,188.1,1119.0,60.8,1122.0,20150120
592.0,9675.0,2752.0,0.6475,76.47,490.4,188.0,1120.0,62.8,1083.0,20150121
599.5,10386.0,2820.0,0.653,79.895,523.7,188.0,1119.0,64.35,1106.0,20150122
587.0,10400.0,2849.0,0.6465,79.505,512.0,188.0,1070.0,64.45,1117.0,20150123
616.15,10755.0,2864.9,0.642,82.845,504.0,188.0,1051.0,60.49,1121.0,20150126
632.5,11179.0,2925.1,0.652,86.695,505.5,186.2,1040.0,61.2,1095.0,20150127
630.85,11534.0,2865.2,0.648,86.11,488.0,186.6,1055.0,60.63,1081.0,20150128
634.2,11450.0,2845.2,0.6465,89.155,480.4,187.4,1055.0,60.5,1075.0,20150129
642.35,11610.0,2789.9,0.645,91.995,460.0,189.7,1049.5,61.5,1075.0,20150130
645.9,11280.0,2750.1,0.6375,88.5,472.0,188.1,1046.5,61.4,998.0,20150202
632.0,10990.0,2851.5,0.636,88.5,482.3,187.9,1054.0,62.0,997.0,20150203
656.0,10750.0,2910.0,0.6375,89.305,478.5,188.0,1052.0,61.04,1050.0,20150204
663.4,11100.0,2996.0,0.637,88.495,500.2,188.5,1061.0,62.41,1090.0,20150205
701.2,11394.0,3120.1,0.6635,91.045,522.2,190.8,1060.0,64.31,1084.0,20150206
696.0,11352.0,3016.0,0.669,89.83,527.5,203.0,1069.0,65.57,1078.0,20150209
688.0,11345.0,3000.0,0.669,89.15,520.0,204.2,1063.0,65.0,1045.0,20150210
695.0,11697.0,3069.1,0.6695,88.6,530.9,202.0,1136.0,65.12,1037.0,20150211
713.0,12037.0,3120.0,0.682,88.79,539.5,205.1,1100.5,67.21,1071.0,20150212
711.5,12106.0,3135.0,0.696,89.2,543.8,204.2,1112.0,70.6,1115.0,20150213
685.0,11900.0,3020.0,0.7035,85.5,524.6,203.4,1150.0,70.0,1070.0,20150216
698.6,11375.0,3010.0,0.6965,85.555,522.7,204.8,1130.5,72.45,1030.0,20150217
702.0,11140.0,3000.0,0.704,85.65,527.5,205.1,1118.5,76.4,1084.0,20150218
706.0,11355.0,2994.8,0.685,85.885,529.2,198.6,1110.0,73.78,1049.0,20150219
704.9,11330.0,2990.0,0.693,85.9,518.1,194.5,1096.0,74.75,1053.0,20150220
698.1,11348.0,3001.0,0.6865,84.58,518.3,194.7,1100.0,73.7,1038.0,20150224
689.0,11061.0,2933.4,0.695,83.03,506.7,189.8,1105.0,74.2,1025.0,20150225
684.0,11093.0,2935.0,0.738,81.695,499.3,189.2,1111.5,75.95,1009.0,20150226
682.0,11182.0,2981.2,0.758,81.1,503.7,195.0,1110.0,75.91,1016.0,20150227
707.6,11269.0,3027.2,0.765,82.7,512.2,192.1,1130.0,76.2,1000.0,20150302
738.45,11480.0,3009.5,0.75,84.94,522.0,192.5,1138.0,75.55,1000.0,20150303
730.0,11140.0,2955.0,0.74,81.75,512.7,188.0,1134.5,72.31,996.0,20150304
730.05,11180.0,2915.0,0.7715,82.15,512.4,188.4,1138.5,72.7,970.0,20150305
721.0,10990.0,2800.0,0.751,81.6,498.7,188.4,1125.5,73.25,932.0,20150306
710.35,10425.0,2699.0,0.725,77.6,485.0,188.1,1116.5,69.8,885.0,20150310
734.5,10588.0,2726.9,0.715,80.005,482.0,189.8,1118.0,70.68,898.0,20150311
710.0,10730.0,2733.9,0.7275,77.93,471.8,189.8,1125.5,70.79,894.0,20150312
708.1,10380.0,2659.0,0.725,77.8,461.7,187.3,1116.0,67.87,880.0,20150313
708.6,10298.0,2666.0,0.71,76.875,466.0,178.9,1065.0,65.57,878.0,20150316
692.8,10595.0,2689.0,0.708,77.0,460.0,170.7,1000.0,64.65,889.0,20150317
690.0,10692.0,2735.0,0.7085,77.435,464.0,181.0,998.0,65.26,877.0,20150318
680.75,10410.0,2689.8,0.7095,77.455,447.0,184.8,1045.0,64.9,874.0,20150319
683.0,10501.0,2710.0,0.7145,78.015,453.0,187.7,1042.5,67.0,866.0,20150320
674.5,10420.0,2679.9,0.6955,75.65,434.8,195.0,1008.0,65.0,874.0,20150323
661.7,10330.0,2709.7,0.696,75.98,429.4,195.0,1013.0,65.6,866.0,20150324
658.15,10500.0,2697.3,0.6995,73.76,430.3,192.9,1001.5,64.8,885.0,20150325
636.9,10310.0,2623.0,0.7,72.675,418.0,194.1,1002.0,62.85,880.0,20150326
642.8,9905.0,2577.0,0.7145,73.11,416.5,194.0,1066.0,61.0,883.0,20150327
657.0,10530.0,2657.0,0.727,76.6,432.0,192.3,1028.0,63.01,887.0,20150330
658.0,10399.0,2705.0,0.7175,77.615,432.0,193.0,1016.5,62.88,893.0,20150331
644.5,10539.0,2755.0,0.73,77.01,450.3,193.2,1028.0,64.5,902.0,20150401
643.0,10090.0,2780.5,0.7815,76.74,467.2,186.0,1011.0,65.92,919.0,20150402
641.05,10237.0,2824.8,0.78,77.83,476.4,193.0,1013.0,65.5,940.0,20150403
638.2,10200.0,2823.3,0.83,76.89,478.0,192.4,1016.5,68.99,934.0,20150406
636.9,10125.0,2790.0,0.844,74.69,474.4,189.6,1027.5,69.6,942.0,20150407
620.0,9986.0,2755.0,0.8895,72.39,470.6,192.0,1022.0,69.4,946.0,20150408
612.6,9740.0,2707.8,0.904,70.05,465.5,182.4,1025.0,72.0,939.0,20150409
607.0,9936.0,2634.9,0.884,69.87,463.6,192.0,1035.0,71.5,940.0,20150410
604.5,9839.0,2617.0,0.929,71.48,477.2,192.0,1059.5,74.1,941.0,20150413
590.0,9520.0,2559.0,0.944,67.985,462.9,192.0,1045.0,74.05,910.0,20150414
580.95,9632.0,2595.0,0.9905,67.59,480.7,195.6,1090.0,76.49,973.0,20150415
566.55,9480.0,2580.0,1.01,65.39,493.0,189.2,1120.5,76.5,1028.0,20150416
563.0,9460.0,2576.0,1.015,68.0,504.8,186.0,1143.0,72.5,1053.0,20150417
564.95,9590.0,2670.0,0.996,67.6,507.0,188.4,1175.0,73.5,1054.0,20150420
569.0,9700.0,2728.2,1.029,70.9,523.3,187.0,1220.0,75.24,1091.0,20150421
572.6,9600.0,2639.5,1.0195,69.73,505.1,188.0,1316.0,73.9,1081.0,20150422
548.7,9530.0,2592.0,0.982,68.01,499.6,190.0,1270.5,75.8,1076.0,20150423
550.0,9719.0,2645.0,1.0095,67.54,498.9,188.5,1324.5,75.75,1052.0,20150424
565.1,9665.0,2662.0,1.017,68.97,496.4,188.2,1400.0,75.2,1070.0,20150427
575.3,9673.0,2644.9,1.0195,67.86,495.4,190.1,1501.5,75.7,986.0,20150428
570.6,9552.0,2610.0,0.9995,68.0,499.0,190.5,1515.0,75.2,997.0,20150429
578.55,9640.0,2645.6,0.9985,68.28,494.0,192.0,1545.0,76.9,1001.0,20150430
576.5,10170.0,2655.0,1.0145,68.4,501.0,192.8,1587.5,80.21,985.0,20150505
571.8,10500.0,2660.0,0.9935,67.76,490.6,188.8,1610.0,79.2,1006.0,20150506
583.0,10201.0,2650.5,0.982,68.78,490.0,192.7,1665.5,76.5,968.0,20150507
589.8,10540.0,2691.6,0.989,69.0,502.7,194.8,1691.0,75.5,979.0,20150508
617.0,10680.0,2698.6,0.9955,72.69,502.7,194.4,1590.0,75.19,979.0,20150512
595.7,10435.0,2620.0,0.9715,70.01,501.4,194.3,1605.5,75.24,944.0,20150513
620.3,10245.0,2610.1,0.9675,71.88,500.9,199.7,1585.0,74.31,971.0,20150514
621.7,10288.0,2595.0,0.9555,72.1,504.1,199.8,1600.0,75.05,950.0,20150515
605.2,10248.0,2550.0,0.963,70.8,502.0,201.5,1613.5,75.36,944.0,20150518
603.9,10039.0,2530.0,0.9415,69.7,495.5,203.0,1621.5,73.35,939.0,20150519
596.6,10180.0,2481.1,0.923,68.86,494.7,204.0,1637.0,71.6,926.0,20150520
615.1,10210.0,2523.0,0.932,72.1,508.6,203.8,1612.0,73.25,935.0,20150521
617.6,9534.0,2537.0,0.9435,73.67,512.4,203.2,1612.0,74.35,928.0,20150522
613.8,9515.0,2502.2,0.946,73.21,506.8,202.9,1607.5,74.46,928.0,20150525
617.2,9250.0,2508.0,0.9415,72.13,515.7,206.9,1606.5,74.67,923.0,20150526
630.9,9380.0,2541.8,0.9375,72.8,524.4,199.4,1601.5,74.23,919.0,20150527
629.2,9397.0,2563.8,0.933,74.68,528.5,193.4,1591.5,73.6,950.0,20150528
608.4,9005.0,2461.3,0.9345,73.0,522.5,183.1,1575.0,73.5,941.0,20150529
611.1,9303.0,2447.5,0.9415,73.68,525.1,186.4,1567.0,72.65,950.0,20150601
615.0,9619.0,2515.0,0.941,73.4,536.3,191.7,1515.0,73.92,997.0,20150602
622.0,9704.0,2480.3,0.931,73.0,539.4,186.0,1510.0,71.72,980.0,20150603
607.9,9742.0,2525.0,0.9225,75.2,538.2,190.0,1483.0,71.25,993.0,20150604
618.1,9986.0,2570.0,0.915,75.2,541.9,189.0,1475.5,70.61,976.0,20150605
624.9,9954.0,2551.9,0.9135,75.01,541.2,190.5,1510.0,69.17,977.0,20150608
626.9,9701.0,2606.0,0.9145,74.03,547.3,186.0,1540.0,70.21,965.0,20150609
604.1,9595.0,2551.3,0.905,72.34,543.9,183.5,1640.0,71.51,950.0,20150610
594.2,9655.0,2506.9,0.902,72.8,543.5,178.5,1712.0,72.55,950.0,20150611
599.0,9758.0,2481.7,0.9105,71.79,550.9,182.5,1798.5,71.8,946.0,20150615
596.1,9695.0,2500.3,0.9305,71.95,546.9,187.2,1804.5,73.5,927.0,20150616
587.3,9680.0,2475.0,0.93,71.9,545.0,185.0,1805.0,72.81,930.0,20150617
582.0,9579.0,2476.0,0.9595,72.2,540.0,177.7,1812.0,72.98,906.0,20150618
585.4,9685.0,2474.4,0.941,73.45,547.1,180.0,1806.0,71.56,910.0,20150619
596.9,9670.0,2487.0,0.922,73.22,546.4,184.2,1804.5,72.0,881.0,20150622
595.0,9503.0,2469.0,0.9175,75.0,544.5,180.0,1800.5,72.01,871.0,20150623
577.1,9450.0,2445.0,0.916,74.52,541.7,183.9,1804.0,71.98,871.0,20150624
577.8,9400.0,2406.0,0.916,74.07,531.1,180.0,1800.0,71.42,866.0,20150625
585.0,9575.0,2401.7,0.92,74.2,546.5,180.0,1795.0,70.6,855.0,20150626
594.3,9540.0,2408.0,0.8975,75.15,549.9,180.0,1801.5,70.2,842.0,20150629
594.0,9500.0,2469.9,0.887,74.69,557.7,180.4,1710.0,72.35,848.0,20150630
585.3,9215.0,2429.2,0.901,74.48,560.6,179.9,1710.0,71.0,853.0,20150701
592.5,9250.0,2455.0,0.9275,74.64,550.0,180.1,1730.0,70.54,853.0,20150702
593.5,9263.0,2425.3,0.927,74.5,551.0,182.1,1690.0,70.67,857.0,20150703
605.7,9277.0,2460.0,0.9,75.1,557.6,181.0,1710.0,68.45,860.0,20150706
602.4,9340.0,2465.0,0.8945,73.85,559.4,181.8,1706.0,68.77,820.0,20150707
588.5,9100.0,2470.0,0.9045,74.2,561.2,181.8,1739.5,67.73,845.0,20150708
579.3,9101.0,2484.6,0.904,77.5,564.7,180.6,1786.0,69.35,855.0,20150709
580.0,9147.0,2465.0,0.8975,76.45,565.5,180.0,1801.0,71.06,845.0,20150710
586.8,9366.0,2435.6,0.898,78.83,575.0,180.1,1783.0,72.94,857.0,20150713
594.0,9450.0,2421.9,0.898,79.25,577.7,178.1,1821.0,73.9,880.0,20150714
595.0,9488.0,2460.0,0.893,77.86,578.4,179.8,1824.0,74.0,875.0,20150715
596.4,9600.0,2461.6,0.8995,77.74,577.7,179.8,1810.0,74.21,873.0,20150716
592.2,9536.0,2465.4,0.8865,76.58,574.7,180.3,1830.0,75.52,900.0,20150717
594.0,9393.0,2428.2,0.889,77.02,570.0,176.2,1807.0,74.1,891.0,20150720
598.8,9428.0,2442.0,0.8975,76.1,564.2,173.3,1810.5,75.55,889.0,20150721
612.4,9320.0,2465.0,0.898,75.69,569.5,171.0,1810.5,74.6,865.0,20150722
609.6,9119.0,2462.5,0.9005,76.35,566.7,161.6,1786.5,72.7,879.0,20150723
623.9,9025.0,2468.9,0.894,77.9,559.5,151.2,1777.0,70.45,867.0,20150724
632.0,9022.0,2398.9,0.8895,79.5,567.5,148.7,1803.5,68.48,860.0,20150727
647.6,9231.0,2433.4,0.883,80.22,577.0,158.4,1807.5,69.55,883.0,20150728
650.3,9359.0,2430.9,0.8825,77.78,578.2,163.9,1805.0,71.2,903.0,20150729
663.6,9365.0,2441.0,0.878,79.12,575.0,167.9,1805.0,72.2,898.0,20150730
687.5,9427.0,2537.6,0.8785,79.22,591.0,172.8,1800.0,72.3,882.0,20150731
692.0,9514.0,2509.1,0.8815,80.17,587.9,168.3,1800.0,71.1,866.0,20150803
695.0,9889.0,2507.4,0.873,79.68,597.9,161.8,1815.0,72.3,869.0,20150804
687.5,10090.0,2529.0,0.881,78.8,589.3,164.8,1835.0,73.49,878.0,20150805
681.0,10125.0,2491.6,0.88,79.79,593.3,159.5,1875.0,72.25,850.0,20150806
677.1,10112.0,2520.0,0.8795,79.94,598.0,165.0,2060.0,74.2,860.0,20150807
675.3,10222.0,2531.0,0.879,80.43,597.4,169.3,2280.0,75.16,858.0,20150810
682.0,10166.0,2519.7,0.881,83.21,592.5,172.0,2200.0,73.2,851.0,20150811
687.9,9850.0,2539.5,0.877,82.45,597.5,173.0,2430.0,73.4,830.0,20150812
696.8,9870.0,2548.2,0.8775,84.8,593.8,173.6,2360.0,73.7,839.0,20150813
705.1,10061.0,2561.1,0.871,84.62,590.7,181.5,2365.0,74.43,831.0,20150814
706.7,10000.0,2554.9,0.8625,85.35,584.4,180.1,2260.0,73.0,835.0,20150817
695.1,9810.0,2491.0,0.867,84.4,584.0,183.4,2200.0,72.45,819.0,20150818
706.7,9725.0,2468.5,0.8575,84.07,571.7,180.6,2305.0,71.5,799.0,20150819
723.1,10047.0,2487.1,0.8445,85.06,586.0,184.9,2250.0,72.05,780.0,20150820
719.1,10060.0,2412.0,0.822,83.67,564.0,182.9,2315.0,69.86,770.0,20150821
723.8,10215.0,2347.0,0.7895,82.39,567.2,180.2,2215.0,68.53,738.0,20150824
707.0,10071.0,2381.0,0.816,79.75,560.3,180.0,2230.0,70.79,764.0,20150825
700.1,10290.0,2355.0,0.824,79.11,581.2,183.0,2230.0,71.0,742.0,20150826
691.5,10371.0,2424.0,0.83,78.2,599.5,188.9,2280.0,73.8,776.0,20150827
693.3,10430.0,2520.0,0.824,78.62,613.9,193.2,2370.0,74.82,800.0,20150828
725.2,10569.0,2531.0,0.824,80.64,633.0,201.0,2370.0,74.5,805.0,20150831
725.0,10329.0,2455.0,0.823,78.6,610.0,204.6,2465.0,73.14,782.0,20150901
723.1,10350.0,2440.0,0.8205,79.39,606.0,187.0,2500.0,72.9,780.0,20150902
730.4,10600.0,2503.0,0.824,78.56,602.2,181.0,2615.0,74.15,795.0,20150903
727.0,10570.0,2458.0,0.8205,77.3,606.0,182.7,2650.0,73.96,790.0,20150904
733.5,10716.0,2446.7,0.818,78.25,611.1,186.7,2710.0,73.81,786.0,20150907
744.7,10746.0,2462.1,0.8175,79.26,619.0,186.5,2935.0,74.9,786.0,20150908
757.1,11099.0,2501.2,0.819,80.2,621.0,194.5,2895.0,74.65,787.0,20150909
754.5,10931.0,2489.0,0.82,79.89,624.3,198.0,3025.0,74.3,773.0,20150910
755.1,10870.0,2487.6,0.821,79.95,630.0,198.3,3025.0,74.1,760.0,20150911
758.6,10924.0,2524.5,0.8215,80.3,634.1,197.7,3030.0,74.88,809.0,20150914
749.9,11009.0,2478.1,0.823,81.05,628.1,195.0,2880.0,74.85,815.0,20150915
730.0,11119.0,2475.0,0.8225,81.46,628.6,198.2,2785.0,77.71,862.0,20150916
740.5,11206.0,2439.0,0.821,82.2,632.0,191.4,2685.0,76.49,860.0,20150917
717.0,11100.0,2403.8,0.792,82.31,631.8,181.0,2745.0,75.5,841.0,20150918
732.9,11080.0,2331.1,0.8195,80.55,617.3,182.1,2670.0,75.94,826.0,20150921
715.3,10693.0,2225.9,0.8185,77.43,604.0,180.0,2590.0,74.39,775.0,20150922
702.6,10200.0,2203.0,0.8155,74.7,612.5,180.3,2950.0,73.74,752.0,20150923
710.0,9662.0,2185.0,0.82,75.58,598.0,180.3,2680.0,73.33,714.0,20150924
693.1,9565.0,2240.0,0.8215,74.14,593.0,190.0,2755.0,74.97,714.0,20150925
681.2,9382.0,2241.9,0.82,70.71,577.3,190.0,2890.0,74.57,694.0,20150928
696.3,9325.0,2261.0,0.8205,72.63,586.2,190.9,2960.0,75.5,703.0,20150929
700.0,9500.0,2242.9,0.8085,75.06,597.0,191.1,2900.0,75.3,713.0,20150930
690.1,9394.0,2184.0,0.812,72.92,587.8,191.0,2905.0,74.51,704.0,20151001
693.2,9470.0,2140.0,0.8035,69.9,588.1,192.6,2890.0,73.8,730.0,20151002
680.2,9450.0,2196.0,0.8015,70.42,608.0,201.5,2895.0,76.2,775.0,20151005
678.7,9346.0,2238.0,0.807,70.09,618.1,208.8,2895.0,77.31,769.0,20151006
670.5,9210.0,2279.0,0.817,70.32,604.0,219.1,2780.0,79.65,745.0,20151007
663.5,9149.0,2294.0,0.812,72.75,605.6,220.5,2740.0,83.11,736.0,20151008
660.0,9560.0,2400.1,0.8355,72.7,606.0,220.5,2675.0,85.77,763.0,20151009
658.5,9620.0,2340.2,0.8175,72.1,599.4,221.0,2770.0,85.45,743.0,20151012
672.3,9715.0,2350.0,0.815,72.69,600.9,222.7,2765.0,85.0,814.0,20151013
685.0,9700.0,2341.0,0.813,72.92,601.1,221.2,2805.0,86.81,818.0,20151014
725.0,9783.0,2320.0,0.81,74.9,604.9,222.3,2820.0,87.7,821.0,20151015
711.7,9601.0,2303.8,0.811,72.8,599.4,223.4,2780.0,88.52,813.0,20151016
726.5,9761.0,2315.0,0.8085,74.75,598.8,220.9,2795.0,87.07,845.0,20151019
731.9,9658.0,2332.9,0.819,74.7,589.5,221.2,2770.0,88.14,834.0,20151020
722.5,9390.0,2310.9,0.8195,74.47,594.1,220.0,2785.0,86.95,822.0,20151021
717.6,9545.0,2334.5,0.815,73.1,596.6,220.4,2780.0,86.53,836.0,20151022
712.0,9735.0,2336.7,0.8215,73.02,601.1,220.9,2785.0,90.45,813.0,20151023
715.0,9700.0,2298.0,0.819,71.2,599.7,220.0,2790.0,92.3,838.0,20151026
734.9,9710.0,2350.6,0.8195,73.68,613.9,224.0,2785.0,89.0,940.0,20151027
717.0,9670.0,2357.0,0.8155,74.39,601.3,221.5,2800.0,90.05,1002.0,20151028
731.0,9503.0,2341.5,0.8175,76.1,586.5,220.0,2780.0,88.6,1009.0,20151029
742.0,9487.0,2320.0,0.822,78.2,584.3,222.5,2815.0,90.53,1016.0,20151030
749.7,9585.0,2412.0,0.8495,77.8,587.7,221.2,2810.0,93.65,1030.0,20151102
739.2,9546.0,2483.9,0.842,77.75,591.1,241.0,2795.0,95.4,1011.0,20151103
750.0,9580.0,2489.6,0.853,75.68,598.0,244.2,2735.0,95.5,980.0,20151105
747.0,9513.0,2511.8,0.8695,75.24,598.1,240.0,2625.0,94.09,994.9,20151106
741.0,9499.0,2530.0,0.848,78.48,606.1,235.0,2610.0,92.95,1012.0,20151109
727.0,9474.0,2520.0,0.8285,75.58,616.0,231.9,2620.0,94.35,1027.0,20151110
722.6,9371.0,2548.0,0.8235,73.0,596.1,232.7,2575.0,94.0,1040.0,20151111
720.0,9475.0,2555.0,0.8255,72.46,591.0,232.6,2705.0,94.29,1020.6,20151112
719.4,9469.0,2485.0,0.817,71.08,593.2,220.1,2640.0,93.4,1001.0,20151113
714.6,9335.0,2476.0,0.8175,71.92,606.1,216.9,2660.0,95.8,1015.1,20151116
706.0,9364.0,2524.5,0.826,71.01,624.5,219.0,2670.0,102.5,1059.0,20151117
730.8,9640.0,2526.0,0.831,72.81,631.2,216.1,2700.0,104.0,1094.0,20151118
735.4,9670.0,2534.0,0.8355,71.38,620.2,218.2,2705.0,104.86,1086.0,20151119
737.1,9650.0,2540.0,0.8285,71.95,627.3,225.1,2710.0,107.3,1111.0,20151120
735.0,9492.0,2652.8,0.829,72.47,635.0,232.1,2715.0,109.98,1129.9,20151123
712.4,9344.0,2576.9,0.8185,70.3,612.1,225.1,2635.0,105.6,1092.0,20151124
715.2,9427.0,2606.9,0.824,70.9,629.5,221.9,2680.0,108.51,1127.0,20151125
722.0,9390.0,2598.6,0.8215,71.34,627.2,223.8,2680.0,106.48,1117.7,20151126
710.6,9220.0,2539.4,0.8165,70.88,626.4,220.2,2700.0,104.55,1074.5,20151127
703.8,8920.0,2534.1,0.83,70.08,621.0,217.8,2630.0,102.9,1094.0,20151130
703.3,9054.0,2559.0,0.8205,69.9,607.6,221.0,2660.0,101.3,1086.0,20151201
705.7,8939.0,2535.4,0.8145,70.1,601.0,220.0,2650.0,102.5,1104.0,20151202
697.5,9113.0,2559.0,0.8165,70.19,608.2,230.0,2660.0,104.0,1099.0,20151203
686.7,8851.0,2489.9,0.812,67.77,584.3,222.4,2655.0,103.05,1087.1,20151204
673.9,8925.0,2410.0,0.815,65.9,580.8,227.8,2670.0,103.0,1060.0,20151207
674.6,8970.0,2377.9,0.815,64.76,570.0,216.5,2665.0,97.0,1038.9,20151208
658.0,8935.0,2385.1,0.815,64.3,589.1,221.6,2680.0,100.66,1050.0,20151209
650.0,8925.0,2445.0,0.818,65.9,582.2,221.2,2685.0,100.13,1030.3,20151210
644.9,8900.0,2450.0,0.8185,64.89,580.9,221.4,2730.0,98.15,1037.0,20151211
634.6,8780.0,2432.8,0.815,63.1,570.0,220.0,2840.0,97.7,984.4,20151214
645.0,8965.0,2446.8,0.813,63.0,585.0,220.0,2920.0,100.0,1055.0,20151215
633.4,9108.0,2415.0,0.845,62.54,588.0,220.0,2860.0,102.45,1067.0,20151216
630.0,9450.0,2427.0,0.83,61.19,604.0,224.0,2920.0,103.75,1084.9,20151217
606.0,9229.0,2327.1,0.8395,59.45,578.2,216.1,2910.0,98.81,1075.1,20151218
606.6,9048.0,2338.7,0.827,58.5,575.8,220.0,3290.0,98.73,1095.1,20151221
608.0,9220.0,2327.0,0.83,58.29,570.6,220.0,3010.0,99.8,1090.1,20151222
604.0,9410.0,2317.0,0.8275,58.87,591.0,220.0,2930.0,102.96,1125.1,20151223
600.1,9344.0,2325.3,0.826,60.82,587.7,220.0,3070.0,101.35,1129.1,20151224
600.3,9344.0,2310.2,0.8255,61.83,581.8,216.1,2985.0,101.34,1110.0,20151225
610.5,9350.0,2309.9,0.816,61.05,579.2,220.0,2830.0,100.2,1119.5,20151228
616.0,9189.0,2353.6,0.8195,62.77,599.5,218.9,2905.0,101.82,1138.0,20151229
609.5,9150.0,2345.9,0.819,62.6,591.0,219.0,2875.0,101.26,1147.0,20151230
597.4,8922.0,2310.2,0.821,61.48,571.0,215.5,2860.0,98.01,1064.1,20160104
612.8,9085.0,2380.0,0.8545,60.75,573.6,213.2,2885.0,98.89,1133.9,20160105
639.8,8990.0,2378.0,0.849,60.75,568.0,212.5,2890.0,96.85,1112.0,20160106
618.9,8600.0,2257.9,0.824,59.34,550.5,208.9,3030.0,91.03,987.0,20160111
620.0,8553.0,2223.5,0.8275,60.91,567.0,210.1,3180.0,91.71,999.0,20160112
611.3,8614.0,2225.0,0.822,61.06,572.8,211.1,3120.0,91.5,1006.0,20160113
613.0,8464.0,2188.9,0.8265,60.15,576.1,210.0,3100.0,93.04,1009.0,20160114
604.0,8050.0,2098.0,0.8145,57.5,543.7,211.6,3100.0,87.27,954.0,20160115
622.0,8290.0,2112.1,0.82,58.14,559.5,211.3,3010.0,86.15,963.0,20160118
629.0,8540.0,2150.0,0.8255,58.39,561.8,210.0,2995.0,86.68,954.0,20160119
634.8,8649.0,2145.3,0.8225,57.2,553.7,211.1,3075.0,83.83,912.5,20160120
662.0,9130.0,2212.8,0.8235,60.1,568.1,210.1,3120.0,86.0,1020.0,20160121
642.0,9100.0,2340.9,0.826,62.0,593.5,210.0,3105.0,91.5,1020.0,20160122
648.2,9050.0,2349.0,0.8285,62.4,595.7,210.0,3080.0,91.0,1002.1,20160125
644.8,8880.0,2320.0,0.8295,63.59,577.0,212.0,3115.0,91.5,1012.0,20160126
651.5,8991.0,2400.5,0.8425,66.1,600.0,218.6,3110.0,95.75,1049.9,20160127
630.0,8970.0,2495.0,0.856,64.61,618.4,214.0,3100.0,96.69,1017.4,20160128
621.5,8850.0,2569.0,0.85,65.5,639.2,210.1,3245.0,96.5,1007.0,20160129
635.0,8698.0,2547.0,0.8525,66.03,630.0,215.0,3152.0,96.5,1013.0,20160201
634.4,8924.0,2491.0,0.882,67.85,622.1,213.8,3138.0,94.4,1012.0,20160202
632.3,8770.0,2475.5,0.9595,68.5,613.0,210.7,3110.0,94.53,1012.5,20160203
642.8,8999.0,2553.5,0.9445,68.79,636.0,218.4,3064.0,97.57,1054.0,20160204
637.0,9005.0,2594.0,0.9625,71.0,623.3,210.7,3064.0,97.2,1023.0,20160205
641.0,8870.0,2482.5,0.9555,69.9,604.1,208.6,3078.0,94.7,986.0,20160208
649.0,8650.0,2387.5,0.947,70.1,604.9,212.6,3115.0,93.89,992.0,20160209
648.3,8510.0,2382.5,0.936,71.0,615.8,211.3,3119.0,96.35,998.0,20160210
663.9,8376.0,2392.0,0.952,72.3,597.0,208.7,3169.0,94.2,1007.0,20160211
658.0,8350.0,2396.0,0.971,72.96,610.0,209.9,3143.0,94.85,989.0,20160212
655.0,8345.0,2429.0,0.9695,75.0,607.2,208.0,3142.0,95.25,1008.0,20160215
662.0,8486.0,2450.0,0.9735,77.04,605.2,206.9,3251.0,96.51,1072.0,20160216
644.1,8633.0,2467.0,0.961,75.55,615.7,208.7,3230.0,99.2,1044.0,20160217
650.1,8880.0,2565.0,0.9705,74.11,636.3,220.9,3275.0,102.7,1014.0,20160218
645.0,8745.0,2540.0,0.998,73.29,629.5,229.0,3341.0,101.5,989.0,20160219
643.9,8720.0,2529.0,0.9915,72.44,621.3,236.0,3340.0,102.35,987.5,20160220
645.7,8750.0,2610.0,1.004,74.66,640.3,246.0,3356.0,103.2,1002.5,20160222
641.3,8750.0,2550.0,0.988,74.36,630.8,250.0,3459.0,102.1,974.5,20160224
640.1,8750.0,2551.5,0.9905,74.18,634.3,250.0,3613.0,104.05,982.0,20160225
635.0,8935.0,2587.0,1.004,73.0,630.1,247.6,3884.0,106.24,983.5,20160226
630.0,9142.0,2686.0,1.0265,73.6,646.0,250.2,3995.0,107.0,978.0,20160229
621.0,9105.0,2699.0,1.041,73.33,637.8,250.0,3928.0,108.26,989.5,20160301
626.3,9093.0,2640.0,1.05,74.06,636.0,250.0,3844.0,106.12,1003.0,20160302
624.0,9190.0,2700.0,1.025,74.5,628.9,250.0,4099.0,106.99,1018.0,20160303
629.1,9300.0,2775.0,1.006,75.58,625.7,250.1,4100.0,108.99,999.0,20160304
644.3,9494.0,2840.0,1.0155,76.7,639.6,254.9,4070.0,109.47,1020.0,20160307
640.0,9300.0,2744.0,1.018,77.1,632.0,254.5,4017.0,108.15,994.0,20160309
648.9,9281.0,2692.0,1.0725,76.41,634.0,250.1,4044.0,108.84,978.5,20160310
652.0,9221.0,2669.0,1.101,78.11,624.4,250.1,3940.0,109.26,979.0,20160311
679.0,9150.0,2658.5,1.0965,80.0,624.0,250.4,3920.0,109.26,1023.0,20160314
651.0,9202.0,2647.5,1.1005,78.46,620.6,247.3,3890.0,106.46,1004.0,20160315
657.0,9119.0,2703.0,1.187,78.94,623.8,251.3,3997.0,107.0,1021.0,20160316
651.5,9243.0,2750.0,1.2405,78.26,610.5,251.5,3970.0,109.47,1032.0,20160317
667.6,9490.0,2810.0,1.2785,80.73,610.5,250.0,3926.0,112.4,1034.5,20160318
680.1,9390.0,2784.5,1.2815,80.0,612.5,250.1,3861.0,112.07,1022.0,20160321
707.6,9419.0,2732.5,1.275,81.37,616.1,250.4,3828.0,111.49,1023.5,20160322
705.0,9240.0,2687.5,1.26,83.18,608.5,252.9,3836.0,109.1,1020.5,20160323
715.8,9020.0,2615.0,1.2455,83.23,606.5,252.3,3890.0,108.06,1028.0,20160324
713.0,9046.0,2607.5,1.302,82.09,608.0,253.2,3820.0,109.1,1032.5,20160325
716.0,8995.0,2570.0,1.296,82.9,602.2,249.5,3863.0,108.12,1013.0,20160328
717.6,8935.0,2614.5,1.3525,82.62,597.5,250.1,3930.0,107.05,1036.0,20160329
731.5,8950.0,2610.0,1.3785,84.49,599.6,251.5,3876.0,109.15,1041.5,20160330
712.0,8700.0,2622.0,1.375,83.36,598.0,251.3,3803.0,109.9,1022.0,20160331
734.9,8460.0,2625.0,1.3735,86.28,590.0,251.2,3849.0,108.52,1028.0,20160401
751.5,8459.0,2692.0,1.39,89.14,590.0,253.0,3830.0,108.2,1033.0,20160404
746.9,8700.0,2698.5,1.3955,88.05,600.0,250.2,3909.0,106.87,1039.0,20160405
738.6,8799.0,2715.0,1.407,88.12,601.6,250.2,3820.0,108.0,1041.0,20160406
742.5,8688.0,2722.0,1.4045,89.8,591.7,253.6,3854.0,108.51,1060.0,20160407
731.0,8629.0,2777.5,1.358,90.09,584.4,250.5,3799.0,112.92,1018.0,20160408
760.4,8783.0,2798.0,1.311,89.5,596.8,250.0,3760.0,117.35,1045.0,20160411
747.3,8730.0,2775.0,1.2745,87.15,599.0,250.4,3700.0,117.95,1088.5,20160412
764.5,9121.0,2824.0,1.365,85.75,610.0,250.3,3671.0,119.5,1127.0,20160413
787.0,9150.0,2814.5,1.3865,87.4,601.7,250.4,3849.0,119.3,1109.5,20160414
784.9,9120.0,2822.5,1.405,88.22,602.3,251.2,4014.0,119.3,1109.0,20160415
776.8,9270.0,2777.0,1.38,87.7,604.0,251.0,4150.0,118.2,1130.0,20160418
779.9,9241.0,2815.5,1.399,90.7,604.6,250.8,4290.0,121.5,1148.0,20160419
798.8,9259.0,2870.0,1.386,94.7,604.2,252.4,4400.0,123.75,1186.0,20160420
806.7,9368.0,2890.0,1.45,93.33,607.7,250.3,4536.0,119.17,1200.0,20160421
817.9,9750.0,2890.0,1.4775,92.01,611.0,251.2,4570.0,121.25,1196.0,20160422
829.0,9631.0,2853.0,1.4595,92.8,607.1,250.0,4741.0,120.08,1176.5,20160425
772.0,9750.0,2796.0,1.438,92.05,610.9,250.3,4744.0,119.7,1173.0,20160426
767.0,9700.0,2733.0,1.43,90.3,613.0,250.0,4798.0,120.8,1194.0,20160427
758.1,9709.0,2800.0,1.4795,88.3,638.1,260.0,4760.0,124.39,1300.0,20160428
727.0,9409.0,2752.0,1.429,89.25,612.8,250.3,4768.0,123.55,1301.0,20160429
712.9,9100.0,2698.5,1.4825,83.65,623.0,250.0,4750.0,120.96,1337.5,20160504
715.9,8809.0,2630.0,1.5205,84.19,611.1,250.0,4813.0,120.92,1316.5,20160505
722.0,8760.0,2629.0,1.5205,87.1,618.9,251.5,4755.0,120.64,1291.0,20160506
686.4,8815.0,2585.5,1.5185,83.4,623.9,251.0,4756.0,119.55,1291.5,20160510
683.0,8850.0,2642.5,1.491,84.86,628.8,256.5,4753.0,123.45,1286.0,20160511
690.0,8911.0,2673.5,1.498,83.94,620.3,252.5,4740.0,121.2,1277.0,20160512
689.0,8986.0,2699.5,1.543,83.65,618.4,250.4,4750.0,121.07,1276.5,20160513
683.2,8930.0,2662.0,1.616,86.21,626.4,251.0,4750.0,122.6,1297.0,20160516
689.1,8930.0,2671.5,1.62,85.37,632.3,252.0,4770.0,122.71,1278.5,20160517
713.7,9095.0,2707.0,1.627,86.2,639.2,251.9,4733.0,123.12,1267.5,20160518
700.7,9190.0,2695.5,1.6195,84.12,642.6,250.6,4700.0,120.5,1261.0,20160519
704.4,9120.0,2712.0,1.627,84.98,654.5,253.0,4750.0,121.9,1278.0,20160520
694.8,9031.0,2647.0,1.6175,82.8,648.7,257.9,4691.0,121.51,1288.0,20160523
696.3,9085.0,2656.5,1.57,83.05,651.3,257.2,4711.0,123.5,1289.5,20160524
703.1,9079.0,2650.5,1.6,84.56,657.3,257.0,4705.0,127.87,1305.0,20160525
697.0,9152.0,2678.0,1.62,84.64,652.0,250.3,4704.0,132.16,1303.5,20160526
706.0,9140.0,2682.0,1.62,85.4,659.9,250.8,4690.0,133.2,1311.0,20160527
701.2,9200.0,2695.5,1.618,85.65,671.8,253.8,4720.0,134.45,1317.5,20160530
670.5,8990.0,2570.0,1.5955,85.99,659.4,251.0,4682.0,132.56,1357.0,20160531
674.5,9029.0,2580.0,1.564,84.0,659.0,252.8,4651.0,131.36,1369.5,20160601
675.2,8925.0,2597.0,1.51,81.18,660.8,252.2,4719.0,132.3,1371.0,20160602
667.5,8859.0,2587.0,1.54,80.45,654.4,249.9,4720.0,131.59,1370.0,20160603
688.0,8968.0,2613.0,1.573,80.73,651.1,251.2,4710.0,133.99,1399.0,20160606
701.9,8974.0,2681.5,1.576,81.02,673.9,251.2,4700.0,139.97,1413.0,20160607
692.2,8873.0,2680.5,1.591,79.99,665.9,250.0,4700.0,139.39,1450.0,20160608
675.4,8699.0,2635.0,1.584,80.51,680.0,250.0,4707.0,139.61,1464.0,20160609
671.9,8696.0,2636.0,1.55,77.7,662.0,250.0,4704.0,133.5,1430.0,20160610
662.0,8670.0,2670.0,1.602,79.2,663.6,248.9,4704.0,127.08,1375.5,20160614
651.8,8553.0,2637.5,1.6575,79.01,655.0,247.4,4719.0,129.89,1408.5,20160615
640.6,8498.0,2624.0,1.627,78.75,649.3,244.2,4700.0,127.1,1380.0,20160616
652.4,8448.0,2647.0,1.6595,79.9,669.6,251.0,4705.0,128.7,1406.0,20160617
663.2,8300.0,2643.5,1.629,80.24,667.0,250.0,4697.0,132.13,1418.5,20160620
674.0,8413.0,2658.0,1.5895,80.4,659.6,250.0,4707.0,133.39,1377.0,20160621
689.0,8349.0,2660.0,1.5615,81.67,651.2,247.2,4690.0,134.81,1407.0,20160622
684.0,8407.0,2730.0,1.581,81.55,658.1,250.0,4687.0,138.0,1428.0,20160623
679.0,8380.0,2725.0,1.508,81.06,630.3,250.0,4662.0,133.4,1379.5,20160624
656.8,8285.0,2631.0,1.594,79.0,628.4,250.0,4689.0,126.2,1291.0,20160627
682.4,8480.0,2628.0,1.6405,82.65,627.8,250.0,4693.0,129.57,1336.0,20160628
697.5,8485.0,2668.0,1.622,83.41,641.9,250.0,4698.0,133.88,1372.5,20160629
700.7,8540.0,2684.0,1.615,83.0,647.6,250.0,4696.0,133.0,1399.0,20160630
699.1,8496.0,2707.0,1.5705,83.7,644.2,249.3,4689.0,133.85,1403.0,20160701
684.1,8861.0,2745.0,1.62,84.11,641.5,249.8,4681.0,134.6,1390.0,20160704
691.8,8809.0,2769.5,1.678,82.12,634.1,250.0,4698.0,131.85,1383.0,20160705
701.0,8772.0,2732.0,1.68,84.14,632.0,248.9,4690.0,129.36,1373.5,20160706
676.1,8720.0,2748.0,1.6815,81.15,640.0,249.5,4682.0,131.8,1390.0,20160707
658.2,8672.0,2788.0,1.681,84.52,638.5,243.7,4680.0,134.41,1413.0,20160708
669.1,8855.0,2752.0,1.659,84.25,643.2,250.0,4686.0,137.2,1407.0,20160711
693.8,9025.0,2777.0,1.625,86.8,659.8,251.0,4665.0,140.4,1473.0,20160712
694.3,9300.0,2741.0,1.617,87.84,660.5,250.0,4644.0,139.4,1403.0,20160713
711.2,9297.0,2770.0,1.5825,88.58,650.2,250.0,4610.0,140.0,1391.0,20160714
730.0,9290.0,2792.5,1.629,90.39,651.6,247.7,4593.0,138.12,1373.5,20160715
730.3,9308.0,2799.0,1.6265,89.75,648.2,247.0,4564.0,139.93,1354.0,20160718
738.8,9310.0,2828.0,1.606,92.97,645.1,247.5,4548.0,139.47,1345.5,20160719
745.0,9297.0,2840.5,1.608,93.7,646.9,249.5,4520.0,138.57,1360.0,20160720
741.0,9390.0,2858.0,1.61,91.88,653.5,249.5,4539.0,138.5,1376.0,20160721
747.5,9400.0,2855.0,1.5925,90.34,645.9,249.5,4564.0,137.8,1387.5,20160722
751.0,9306.0,2829.0,1.611,89.96,642.8,249.7,4564.0,136.0,1377.5,20160725
761.0,9339.0,2821.0,1.65,93.53,655.0,250.5,4680.0,135.75,1404.0,20160726
764.0,9445.0,2836.5,1.647,90.8,655.4,250.0,4688.0,136.9,1419.0,20160727
770.0,9535.0,2887.0,1.695,92.23,653.2,250.0,4684.0,136.85,1485.5,20160728
793.2,9444.0,2867.0,1.7005,95.29,648.1,250.0,4664.0,139.15,1442.0,20160729
774.5,9637.0,2886.0,1.709,93.69,654.8,250.0,4669.0,138.52,1438.5,20160801
769.3,9581.0,2781.0,1.658,93.81,641.0,250.0,4660.0,135.06,1416.0,20160802
785.9,9660.0,2797.0,1.6605,93.25,645.0,250.0,4632.0,135.73,1409.0,20160803
796.2,9734.0,2839.5,1.663,93.65,652.4,250.0,4659.0,137.14,1417.0,20160804
795.0,9778.0,2815.0,1.6555,93.02,647.3,250.1,4650.0,138.69,1429.0,20160805
796.9,9830.0,2842.5,1.627,93.38,648.1,253.1,4656.0,139.45,1420.0,20160808
816.0,9850.0,2806.0,1.685,94.26,652.1,250.0,4628.0,139.2,1447.0,20160809
793.3,9927.0,2738.0,1.6685,91.76,642.4,250.6,4648.0,138.3,1447.0,20160810
793.5,9989.0,2785.0,1.689,92.0,643.5,250.6,4645.0,139.7,1485.0,20160811
788.0,9860.0,2870.0,1.68,91.97,650.4,251.2,4635.0,139.45,1506.0,20160812
793.0,9967.0,2922.5,1.666,91.81,658.4,258.3,4623.0,139.5,1498.0,20160815
799.0,9975.0,2932.5,1.6605,91.73,668.0,258.8,4610.0,138.1,1491.0,20160816
777.0,9770.0,2932.0,1.643,91.7,672.7,259.4,4587.0,138.44,1459.0,20160817
809.0,9601.0,2956.5,1.63,92.91,679.9,256.9,4593.0,137.0,1451.0,20160818
802.1,9788.0,2948.0,1.631,92.7,680.1,256.9,4581.0,135.8,1445.5,20160819
813.8,9890.0,2985.0,1.6195,92.56,688.6,258.0,4573.0,137.37,1441.0,20160822
815.0,9879.0,3014.0,1.628,94.14,696.0,265.0,4569.0,140.35,1449.0,20160823
806.3,9853.0,3035.0,1.641,93.42,697.5,274.0,4578.0,139.5,1453.0,20160824
802.0,9760.0,3049.0,1.647,92.95,698.8,272.0,4560.0,142.84,1444.5,20160825
791.0,9597.0,3025.0,1.6405,91.5,708.1,272.0,4560.0,145.25,1447.0,20160826
783.5,9640.0,2990.5,1.645,90.36,695.6,273.6,4553.0,143.55,1442.0,20160829
778.3,9628.0,2989.5,1.6715,91.2,695.7,273.7,4586.0,143.18,1437.5,20160830
752.0,9571.0,2913.0,1.672,90.0,684.9,271.8,4600.0,143.5,1428.0,20160831
764.7,9631.0,2938.0,1.6635,90.1,678.2,273.0,4635.0,144.25,1464.0,20160901
777.0,9717.0,3003.0,1.686,91.57,691.5,279.0,4646.0,146.88,1463.0,20160902
781.6,9710.0,3053.0,1.7005,91.5,677.9,279.9,4602.0,149.5,1455.5,20160905
789.0,9926.0,3085.0,1.7005,92.22,680.1,279.0,4600.0,150.64,1441.0,20160906
787.0,9871.0,3084.0,1.728,91.1,680.3,278.6,4580.0,154.33,1418.0,20160907
798.9,9780.0,3108.0,1.7355,91.88,679.2,283.6,4579.0,153.45,1409.0,20160908
781.6,9720.0,3060.5,1.745,91.77,677.9,281.7,4576.0,151.6,1370.0,20160909
782.1,9690.0,3045.5,1.69,88.7,669.3,280.0,4628.0,151.43,1350.0,20160912
789.0,9750.0,3037.5,1.68,88.42,653.9,281.0,4630.0,149.8,1326.0,20160913
768.7,9546.0,3054.0,1.699,86.21,651.4,279.1,4610.0,150.86,1321.5,20160914
730.4,9520.0,3057.0,1.7005,85.67,660.7,282.0,4585.0,149.14,1319.5,20160915
726.4,9470.0,3028.0,1.68,82.74,665.5,281.2,4599.0,147.0,1335.0,20160916
735.9,9505.0,3018.0,1.6945,81.79,658.4,281.8,4580.0,148.66,1341.0,20160919
759.9,9562.0,3055.0,1.6825,84.86,639.1,282.4,4579.0,149.3,1341.0,20160920
778.0,9420.0,3048.5,1.683,87.61,643.3,282.0,4576.0,150.67,1348.5,20160921
785.2,9715.0,3125.0,1.708,88.94,661.0,286.0,4500.0,154.18,1401.0,20160922
782.0,9730.0,3085.5,1.699,87.35,665.0,286.1,4488.0,151.5,1398.5,20160923
774.9,9667.0,3060.0,1.693,85.7,662.4,285.1,4508.0,149.1,1370.0,20160926
781.2,9780.0,3028.0,1.67,85.45,663.8,292.6,4508.0,147.53,1353.0,20160927
792.2,9952.0,3010.5,1.721,85.1,670.5,290.3,4550.0,147.18,1355.0,20160928
779.7,9918.0,3082.0,1.751,85.5,678.5,291.3,4500.0,148.47,1353.0,20160929
753.0,9812.0,3068.0,1.72,82.94,682.5,292.0,4485.0,145.34,1341.0,20160930
767.0,9648.0,3075.0,1.75,84.9,674.0,292.7,4489.0,148.87,1356.0,20161003
789.0,9639.0,3077.0,1.7195,84.65,673.6,293.1,4451.0,148.1,1346.0,20161004
798.2,9530.0,3076.0,1.702,84.65,669.0,291.4,4464.0,147.95,1371.0,20161005
797.6,9475.0,3070.0,1.691,86.46,667.0,291.4,4447.0,148.9,1376.5,20161006
799.0,9401.0,3050.0,1.6705,86.4,674.1,291.0,4429.0,148.74,1367.0,20161007
808.9,9406.0,3077.5,1.686,87.85,674.5,291.0,4425.0,151.27,1352.5,20161010
817.0,9450.0,3104.0,1.689,85.86,681.3,289.9,4434.0,151.3,1350.5,20161011
816.5,9432.0,3117.5,1.697,86.75,677.0,288.0,4416.0,149.2,1290.0,20161012
810.7,9400.0,3084.5,1.6875,87.9,679.0,288.1,4430.0,146.09,1231.0,20161013
808.0,9390.0,3064.0,1.7045,87.04,677.5,290.1,4413.0,146.73,1212.0,20161014
820.1,9250.0,3030.0,1.69,90.02,665.3,288.0,4408.0,146.46,1186.0,20161017
800.0,9364.0,3050.0,1.711,90.37,671.1,286.5,4400.0,147.74,1228.5,20161018
815.0,9269.0,3048.0,1.7195,90.0,668.0,288.3,4405.0,148.6,1238.5,20161019
821.5,9200.0,3037.5,1.715,89.93,661.0,283.1,4388.0,148.26,1234.0,20161020
827.2,9376.0,3071.0,1.71,87.71,656.0,288.3,4419.0,148.42,1213.5,20161021
830.4,9250.0,3094.5,1.701,89.61,654.2,286.0,4372.0,149.15,1221.0,20161024
825.0,9304.0,3098.0,1.683,91.9,665.8,285.8,4316.0,151.57,1222.5,20161025
855.7,9307.0,3081.5,1.6895,94.52,668.9,285.0,4351.0,150.67,1194.5,20161026
868.6,9451.0,3099.0,1.6585,96.34,668.9,283.1,4388.0,149.3,1261.0,20161027
866.8,9345.0,3104.0,1.6945,95.8,665.2,281.9,4356.0,149.2,1270.0,20161028
886.4,9344.0,3100.0,1.713,102.55,660.8,285.0,4400.0,147.4,1256.0,20161031
868.2,9310.0,3106.0,1.713,100.16,653.8,288.2,4391.0,145.85,1243.5,20161101
848.8,9200.0,2983.0,1.7195,98.95,645.0,281.7,4440.0,142.36,1212.0,20161102
842.8,9157.0,2984.0,1.756,99.7,640.0,280.0,4522.0,142.75,1190.0,20161103
861.0,9230.0,2991.0,1.997,104.7,652.3,280.0,4500.0,143.4,1196.0,20161107
864.4,9400.0,3030.0,2.035,102.59,648.1,278.2,4439.0,146.11,1197.0,20161108
878.0,9590.0,3058.5,2.38,104.02,668.0,280.8,4460.0,151.04,1234.0,20161109
922.7,10046.0,3145.0,2.2685,112.66,686.0,280.6,4408.0,153.36,1240.5,20161110
933.0,10150.0,3092.0,2.082,117.35,685.4,279.8,4471.0,151.51,1225.0,20161111
925.0,10380.0,3064.0,2.112,117.19,676.5,277.6,4479.0,150.4,1195.0,20161114
916.6,10367.0,3043.0,2.075,114.38,679.4,277.6,4416.0,149.85,1170.0,20161115
916.0,10270.0,3063.0,2.091,115.55,692.0,277.0,4449.0,149.94,1164.0,20161116
922.0,10289.0,3105.0,2.2,117.26,700.9,279.1,4462.0,149.75,1150.0,20161117
914.5,10144.0,3084.5,2.168,115.5,704.7,278.5,4454.0,150.05,1203.5,20161118
907.0,10137.0,3127.0,2.164,114.72,717.0,276.4,4444.0,153.0,1201.0,20161121
943.0,10277.0,3112.0,2.101,116.5,717.4,275.8,4443.0,155.0,1177.0,20161122
960.2,10490.0,3175.0,2.087,116.9,727.5,276.5,4426.0,155.23,1228.0,20161123
968.0,10498.0,3176.5,2.1,118.0,735.9,276.7,4416.0,161.15,1228.5,20161124
983.6,10450.0,3154.5,2.1805,119.39,728.5,278.6,4424.0,160.36,1221.5,20161125
984.0,10550.0,3145.5,2.204,123.06,724.1,278.5,4427.0,159.4,1213.0,20161128
978.5,10468.0,3147.0,2.2085,123.0,719.5,278.7,4440.0,158.07,1215.0,20161129
960.7,10371.0,3188.0,2.3,117.94,732.0,279.0,4260.0,158.7,1201.5,20161130
964.9,10620.0,3210.0,2.24,116.15,731.2,278.1,4480.0,158.7,1217.0,20161201
973.0,10680.0,3286.0,2.24,115.0,733.0,280.9,4478.0,159.4,1197.5,20161202
967.5,10830.0,3300.0,2.2835,117.45,760.0,281.7,4448.0,162.02,1199.0,20161205
1007.6,10900.0,3267.5,2.3195,116.7,761.9,278.4,4440.0,159.35,1231.0,20161206
1007.0,10990.0,3287.0,2.318,120.51,770.0,282.0,4444.0,159.95,1243.0,20161207
1015.7,11070.0,3359.5,2.379,118.5,765.0,282.7,4444.0,168.98,1252.0,20161208
1006.0,10996.0,3371.0,2.445,113.0,768.0,278.9,4449.0,169.66,1248.0,20161209
968.9,10909.0,3375.0,2.518,109.42,764.8,275.5,4430.0,175.4,1239.0,20161212
978.0,10804.0,3328.5,2.464,113.17,799.4,275.7,4434.0,176.9,1277.0,20161213
950.4,10590.0,3352.0,2.556,112.35,792.2,277.7,4443.0,173.7,1282.5,20161214
969.9,10512.0,3383.5,2.5085,115.85,784.1,273.3,4455.0,174.92,1292.0,20161215
945.0,10525.0,3352.0,2.4695,115.18,793.0,267.0,4460.0,173.9,1263.0,20161216
923.3,10260.0,3350.5,2.298,112.9,787.4,275.0,4450.0,174.3,1255.0,20161219
941.0,10249.0,3415.0,2.14,113.11,779.2,280.0,4449.0,175.9,1267.0,20161220
922.9,10194.0,3439.0,2.26,111.88,775.1,280.1,4449.0,174.71,1245.0,20161221
910.7,10190.0,3368.0,2.323,110.8,770.0,282.0,4449.0,170.0,1246.0,20161222
900.8,10170.0,3396.0,2.377,111.48,760.4,285.4,4449.0,171.15,1252.0,20161223
919.0,10202.0,3418.0,2.365,113.85,759.3,287.5,4406.0,171.97,1245.0,20161226
910.0,9896.0,3428.5,2.3755,113.4,775.0,284.9,4386.0,172.27,1237.0,20161227
906.0,9790.0,3344.0,2.3875,112.13,766.0,283.0,4429.0,170.1,1228.0,20161228
912.0,9951.0,3424.5,2.487,113.7,765.5,289.0,4438.0,171.3,1241.0,20161229
942.2,10122.0,3449.0,2.48,114.98,791.9,290.0,4431.0,173.25,1247.5,20161230
940.0,10245.0,3575.0,2.501,116.18,783.0,291.5,4500.0,180.12,1241.0,20170103
950.5,10195.0,3479.5,2.5015,116.3,775.0,289.7,4500.0,175.95,1239.0,20170104
942.0,10025.0,3379.0,2.5,116.0,756.4,286.8,4529.0,171.9,1252.0,20170105
941.9,10040.0,3365.0,2.455,112.14,754.9,288.0,4527.0,170.69,1291.0,20170106
951.0,10115.0,3384.5,2.5145,111.72,755.4,289.1,4521.0,168.35,1317.0,20170109
962.0,10397.0,3399.0,2.65,114.99,766.7,289.4,4525.0,171.6,1319.5,20170110
961.7,10439.0,3394.5,2.591,115.29,748.7,285.7,4520.0,169.05,1299.0,20170111
955.3,9994.0,3300.0,2.6365,115.99,752.4,285.0,4520.0,168.27,1271.5,20170112
942.6,9756.0,3290.0,2.665,113.44,739.9,287.5,4527.0,164.9,1286.5,20170113
951.7,9761.0,3240.0,2.6875,113.0,741.1,288.4,4607.0,164.66,1305.0,20170116
949.4,9615.0,3233.0,2.79,112.5,736.8,288.0,4642.0,165.98,1303.0,20170117
940.0,9549.0,3224.0,2.96,113.6,732.6,288.3,4590.0,165.24,1299.0,20170118
933.4,9590.0,3195.0,2.9565,112.1,720.2,275.0,4600.0,166.3,1307.0,20170119
912.7,9360.0,3180.0,2.971,110.0,723.3,273.0,4613.0,167.49,1315.0,20170120
901.5,9424.0,3176.5,2.954,109.01,704.5,281.5,4601.0,166.75,1295.0,20170123
927.3,9486.0,3190.0,2.9645,112.5,740.9,284.2,4599.0,170.25,1349.0,20170124
934.7,9535.0,3215.0,2.958,112.56,751.7,284.8,4590.0,170.26,1381.0,20170125
980.0,9790.0,3376.5,2.9615,116.4,769.0,286.4,4620.0,173.79,1411.0,20170126
993.7,9792.0,3486.0,2.9,116.8,780.0,286.6,4609.0,178.92,1418.5,20170127
964.4,9772.0,3408.0,2.8765,116.11,772.8,286.6,4606.0,174.6,1370.0,20170130
950.0,9629.0,3370.0,2.8305,118.05,759.8,285.9,4648.0,172.2,1379.0,20170131
974.8,9848.0,3375.0,2.801,120.09,764.8,285.8,4586.0,173.9,1384.0,20170201
952.0,10255.0,3364.5,2.817,119.66,746.0,283.5,4575.0,172.83,1370.0,20170202
932.6,10089.0,3370.5,2.87,119.19,763.3,282.0,4564.0,173.8,1387.0,20170203
955.9,9922.0,3338.0,2.8405,118.25,759.8,283.8,4495.0,172.87,1357.5,20170206
940.6,10136.0,3379.0,2.8495,118.05,761.1,285.2,4449.0,173.47,1382.0,20170207
932.0,10135.0,3299.0,2.8235,121.26,755.0,286.0,4501.0,171.2,1350.0,20170208
906.1,9999.0,3266.5,2.869,121.7,735.2,290.5,4481.0,168.8,1356.5,20170209
909.8,10072.0,3245.5,2.855,121.29,744.2,294.2,4470.0,165.5,1345.0,20170210
924.9,9890.0,3279.0,2.845,121.75,756.5,295.0,4445.0,164.7,1335.0,20170213
907.8,9740.0,3250.0,2.854,121.15,747.0,290.5,4450.0,162.7,1312.0,20170214
908.5,9940.0,3211.0,2.87,121.68,750.0,291.3,4447.0,163.5,1316.0,20170215
899.9,9957.0,3232.0,2.878,122.24,756.1,292.5,4450.0,166.49,1401.0,20170216
882.9,9720.0,3198.5,2.85,122.99,759.5,290.0,4450.0,165.49,1425.0,20170217
882.0,9585.0,3180.0,2.7995,120.58,754.9,291.0,4451.0,165.44,1425.0,20170220
898.9,9677.0,3199.5,2.761,119.35,779.0,290.0,4451.0,167.0,1395.0,20170221
875.5,9600.0,3175.5,2.7085,118.8,778.9,290.2,4452.0,165.9,1399.0,20170222
849.7,9498.0,3184.0,2.666,116.37,783.0,291.6,4452.0,165.51,1368.5,20170224
840.9,9341.0,3135.0,2.4645,113.95,757.5,291.6,4455.0,160.95,1354.0,20170227
827.3,9311.0,3086.0,2.4085,112.65,754.0,290.0,4450.0,156.0,1330.0,20170228
859.6,9371.0,3120.0,2.448,113.64,751.7,291.2,4467.0,160.0,1334.0,20170301
834.6,9306.0,3086.0,2.412,111.0,739.8,290.0,4459.0,163.4,1358.5,20170302
825.0,9336.0,3085.0,2.4895,111.5,746.3,290.0,4455.0,164.4,1370.0,20170303
823.1,9324.0,3078.5,2.4825,110.0,755.0,290.8,4459.0,162.0,1359.0,20170306
798.3,9061.0,3070.0,2.465,108.52,746.3,291.3,4470.0,160.98,1364.0,20170307
809.1,8807.0,2970.0,2.295,108.36,715.2,290.0,4439.0,156.2,1359.5,20170309
810.2,8855.0,3028.0,2.338,108.04,707.3,290.0,4450.0,157.5,1360.0,20170310
811.3,8965.0,3051.0,2.3495,108.02,721.8,298.0,4450.0,158.92,1366.5,20170313
822.8,9097.0,3080.0,2.33,110.61,717.4,299.4,4455.0,157.42,1357.0,20170314
813.0,9057.0,3088.0,2.351,110.43,723.2,299.4,4476.0,156.2,1341.0,20170315
833.5,9054.0,3095.0,2.45,111.49,722.1,293.2,4400.0,158.35,1375.0,20170316
833.5,9169.0,3130.0,2.385,114.16,740.0,290.6,4447.0,161.15,1354.0,20170317
815.4,9011.0,3092.5,2.464,114.1,738.1,288.0,4410.0,163.8,1347.0,20170320
834.2,9109.0,3101.0,2.465,114.35,742.5,286.0,4374.0,162.98,1311.0,20170321
836.3,9180.0,3120.5,2.4335,112.91,747.0,286.8,4369.0,162.92,1291.0,20170322
824.5,9182.0,3066.0,2.4085,110.5,738.6,283.3,4333.0,164.15,1288.0,20170323
825.0,9165.0,3017.5,2.406,111.98,736.0,282.7,4448.0,164.52,1280.0,20170324
821.3,8891.0,3003.0,2.3495,111.66,727.7,282.2,4440.0,162.69,1261.0,20170327
830.0,9011.0,3055.0,2.352,112.26,740.6,278.6,4437.0,163.66,1275.0,20170328
830.5,8985.0,3061.0,2.3785,113.2,729.2,278.7,4449.0,163.22,1262.0,20170329
815.1,8989.0,2982.0,2.4215,113.2,714.1,288.8,4443.0,163.5,1247.5,20170330
809.9,8929.0,2981.0,2.402,113.11,704.9,296.6,4450.0,159.8,1245.5,20170331
839.0,8974.0,3026.5,2.422,112.62,701.5,287.7,4439.0,161.8,1242.0,20170403
827.0,9000.0,3050.0,2.3985,112.6,723.0,284.6,4434.0,163.5,1239.0,20170404
860.0,9186.0,3057.0,2.396,112.36,733.3,283.0,4425.0,168.1,1298.0,20170405
843.0,9133.0,3057.5,2.4,110.81,736.5,283.0,4409.0,167.49,1289.0,20170406
840.0,9025.0,2991.0,2.265,110.85,736.7,277.8,4409.0,161.49,1260.0,20170407
815.0,8956.0,2956.0,2.198,107.2,712.7,279.0,4396.0,155.2,1249.5,20170410
812.0,8964.0,2968.0,2.214,108.0,710.1,284.0,4404.0,156.0,1251.0,20170411
799.0,8924.0,2949.5,2.191,106.05,702.7,284.0,4402.0,150.28,1284.0,20170412
795.9,8775.0,2910.0,2.126,105.5,699.9,279.4,4400.0,152.0,1289.0,20170413
781.4,8710.0,2864.5,2.2,104.21,685.0,279.0,4399.0,149.24,1268.5,20170414
793.8,8841.0,2880.0,2.222,105.4,679.0,279.6,4400.0,153.99,1367.5,20170417
777.5,8556.0,2828.5,2.117,101.62,684.4,279.0,4390.0,153.4,1336.5,20170418
765.4,8553.0,2859.0,2.1,100.7,678.8,282.7,4400.0,153.6,1329.5,20170419
769.8,8620.0,2858.0,2.135,101.52,685.1,285.2,4398.0,158.21,1328.0,20170420
774.0,8538.0,2850.0,2.1075,101.35,683.7,286.4,4400.0,159.59,1310.0,20170421
783.4,8685.0,2919.0,2.192,103.22,689.6,287.4,4405.0,162.5,1317.0,20170424
795.0,8873.0,2957.0,2.285,105.8,696.8,287.0,4405.0,162.55,1338.0,20170425
785.4,8890.0,2970.0,2.375,107.53,709.5,285.4,4398.0,165.05,1404.0,20170426
778.0,8750.0,2885.0,2.35,108.38,697.1,287.7,4400.0,164.69,1520.0,20170427
776.0,8747.0,2818.0,2.337,107.75,695.4,288.2,4405.0,165.2,1534.5,20170428
779.0,8809.0,2864.0,2.44,109.0,695.7,287.5,4398.0,166.64,1549.0,20170502
777.0,8688.0,2770.0,2.3805,106.59,687.4,284.4,4395.0,164.71,1528.0,20170503
780.6,8701.0,2780.0,2.391,107.51,693.0,288.2,4395.0,165.5,1581.0,20170504
775.3,8765.0,2811.5,2.385,106.99,696.0,297.9,4399.0,165.8,1570.0,20170505
779.6,8658.0,2917.0,2.3995,108.71,692.0,287.9,4484.0,170.8,1590.0,20170510
765.9,8500.0,2840.0,2.37,105.39,682.9,286.0,4468.0,169.97,1562.5,20170511
748.5,8405.0,2856.0,2.398,103.8,677.0,295.5,4479.0,167.7,1592.0,20170512
736.5,8530.0,2876.0,2.378,105.3,684.0,295.5,4460.0,171.35,1619.0,20170515
743.0,8402.0,2890.5,2.37,110.29,678.1,295.5,4450.0,170.66,1611.0,20170516
745.2,8372.0,2870.0,2.357,110.62,685.2,290.9,4461.0,169.24,1608.0,20170517
734.4,8420.0,2877.0,2.244,108.7,677.7,282.5,4500.0,166.5,1565.0,20170518
735.6,8305.0,2850.0,2.3125,109.0,684.4,287.0,4478.0,168.87,1614.5,20170519
725.6,8275.0,2811.0,2.2705,107.29,680.0,282.4,4469.0,168.03,1608.0,20170522
746.2,8359.0,2825.0,2.3615,107.64,681.0,284.5,4447.0,166.31,1611.5,20170523
762.0,8399.0,2804.0,2.385,108.3,687.0,292.0,4416.0,165.7,1611.0,20170524
760.0,8227.0,2798.0,2.3965,107.14,680.1,293.0,4445.0,164.05,1584.0,20170525
749.0,8200.0,2796.5,2.3585,108.5,658.2,308.2,4437.0,160.7,1568.0,20170526
752.7,8143.0,2794.5,2.3225,110.82,650.0,306.5,4440.0,163.9,1573.5,20170529
757.0,8050.0,2825.0,2.3915,108.56,650.6,303.9,4445.0,161.64,1552.0,20170530
738.5,7902.0,2753.0,2.302,115.5,641.0,302.0,4427.0,155.93,1505.0,20170531
732.0,7791.0,2700.0,2.3655,109.1,624.7,308.2,4425.0,153.0,1520.5,20170601
726.4,7829.0,2734.0,2.312,108.6,615.0,300.5,4423.0,157.14,1478.0,20170602
722.1,7887.0,2734.5,2.38,107.55,609.0,307.0,4440.0,154.7,1525.0,20170605
712.0,7898.0,2721.5,2.313,108.09,618.0,308.0,4450.0,152.8,1524.5,20170606
723.1,7865.0,2705.0,2.297,109.72,615.0,302.1,4466.0,152.82,1526.0,20170607
734.0,8013.0,2735.0,2.2995,108.99,624.6,305.0,4443.0,151.93,1521.5,20170608
732.3,8100.0,2774.0,2.3265,109.19,634.3,304.1,4445.0,150.13,1541.5,20170609
722.6,8058.0,2760.5,2.356,104.89,616.1,302.8,4428.0,146.0,1480.0,20170613
689.5,8113.0,2730.0,2.303,104.81,622.2,305.1,4460.0,143.0,1482.5,20170614
697.2,8011.0,2712.0,2.3095,101.54,617.7,290.1,4400.0,139.0,1495.5,20170615
717.0,8154.0,2685.0,2.1595,102.95,616.9,291.8,4236.0,141.63,1464.5,20170616
684.2,8250.0,2779.5,2.1665,104.29,626.7,294.9,4102.0,145.0,1541.0,20170619
704.0,8311.0,2769.0,2.154,104.81,619.8,292.9,4228.0,144.9,1554.0,20170620
714.3,8290.0,2728.5,2.1655,105.55,611.0,291.0,4215.0,143.49,1585.0,20170621
720.0,7850.0,2760.5,2.165,107.22,624.1,298.9,4196.0,144.25,1618.0,20170622
728.0,8015.0,2775.0,2.195,107.0,625.9,305.9,4237.0,144.1,1616.5,20170623
733.5,7999.0,2767.0,2.253,110.65,621.9,302.5,4175.0,144.49,1608.0,20170626
766.3,8126.0,2800.0,2.2425,111.98,634.8,301.6,4200.0,147.1,1582.5,20170627
783.9,8175.0,2874.5,2.2575,113.84,635.6,300.4,4203.0,145.5,1612.0,20170628
774.0,8180.0,2873.0,2.2175,116.0,641.7,295.1,4030.0,143.8,1588.0,20170629
776.0,8068.0,2872.5,2.236,115.65,645.5,296.9,3971.08,145.59,1536.0,20170630
793.0,8246.0,2920.0,2.25,117.23,658.9,303.5,3955.0,147.5,1560.0,20170703
804.0,8197.0,2933.0,2.29,118.31,657.7,308.0,3923.78,149.39,1566.5,20170704
815.7,8288.0,2951.5,2.3195,120.23,651.7,302.4,3905.71,148.96,1558.5,20170705
805.2,8343.0,2985.0,2.3275,121.0,646.5,300.0,3939.95,150.35,1564.0,20170706
800.6,8373.0,2856.0,2.314,120.52,641.0,295.2,3995.0,152.16,1578.5,20170707
801.5,8515.0,2859.0,2.3535,120.6,638.6,295.0,3994.97,155.0,1594.0,20170710
823.0,8591.0,2875.0,2.4075,122.87,638.5,292.4,4047.97,156.91,1612.0,20170711
843.9,8600.0,2914.5,2.525,123.88,639.3,294.0,4031.12,160.85,1632.0,20170712
834.4,8496.0,2908.5,2.5365,123.87,633.5,292.0,4059.0,159.94,1898.5,20170713
835.0,8480.0,2923.0,2.5295,124.19,625.2,298.4,3925.81,161.4,1867.0,20170714
835.0,8593.0,2880.0,2.485,124.0,625.0,299.6,3941.49,161.98,1866.0,20170717
836.3,8574.0,2840.0,2.5355,126.27,617.0,295.4,3935.0,161.7,1867.0,20170718
860.0,8693.0,2896.0,2.5395,126.75,624.8,296.6,3932.0,164.34,1849.0,20170719
848.0,8410.0,2896.0,2.536,123.85,627.6,295.9,3900.0,163.93,1845.0,20170720
820.0,8388.0,2842.0,2.531,124.02,617.1,294.5,3885.15,162.1,1856.0,20170721
837.1,8585.0,2826.5,2.52,124.65,624.3,294.0,3929.97,161.33,1916.0,20170724
840.7,8675.0,2835.0,2.53,123.26,614.0,281.2,3906.0,160.22,1906.0,20170725
842.0,8646.0,2833.0,2.6535,127.0,612.5,287.8,3896.0,161.55,1899.5,20170726
841.0,8865.0,2851.5,2.6415,125.3,615.9,290.5,3903.06,166.0,1888.5,20170727
820.5,8831.0,2794.0,2.5945,123.57,604.9,287.2,3888.0,165.4,1754.5,20170728
833.7,8930.0,2797.5,2.6105,125.0,607.7,292.8,3909.75,164.53,1743.0,20170731
841.5,9055.0,2864.5,2.6475,125.93,613.1,291.5,3918.0,166.31,1746.5,20170801
852.0,9142.0,2938.0,2.6145,128.0,621.4,295.1,3942.0,169.9,1719.0,20170802
847.3,9095.0,2930.0,2.6235,129.3,617.9,294.7,3921.0,170.0,1744.0,20170803
845.3,9099.0,2903.0,2.644,128.75,609.0,294.4,3954.0,169.73,1770.5,20170804
853.2,9270.0,2917.5,2.65,133.49,614.1,290.0,3956.0,172.79,1795.5,20170807
861.7,9200.0,2974.0,2.619,133.39,624.7,292.0,3951.0,175.75,1792.5,20170808
857.6,9269.0,2939.0,2.71,134.6,615.0,291.0,4032.0,173.4,1835.5,20170809
850.2,9180.0,2901.5,2.7255,133.72,614.0,289.8,4203.0,172.2,1786.0,20170810
828.0,9000.0,2860.0,2.6985,133.3,613.5,293.5,4300.0,172.05,1731.5,20170811
838.8,9050.0,2883.5,2.752,131.7,604.5,294.8,4310.0,172.51,1765.5,20170814
840.3,8919.0,2874.0,2.758,129.92,603.9,293.9,4312.0,172.33,1798.0,20170815
844.4,8725.0,2846.5,2.7405,131.47,599.0,292.2,4310.0,173.05,1818.0,20170816
852.5,8768.0,2841.0,2.751,128.81,595.6,294.6,4343.0,172.72,1832.0,20170817
850.0,8899.0,2829.0,2.8095,127.49,596.7,295.0,4330.0,169.5,1785.0,20170818
857.6,9005.0,2854.5,2.908,126.5,605.2,295.5,4300.0,169.9,1769.0,20170821
865.2,9071.0,2897.0,2.8705,126.2,612.1,296.5,4310.0,171.0,1756.0,20170822
860.2,9130.0,2893.5,2.8775,128.8,602.1,295.5,4320.0,175.3,1765.0,20170823
859.3,9220.0,2894.0,2.904,128.08,602.0,295.6,4336.0,179.8,1768.0,20170824
879.0,9150.0,2915.0,2.883,127.64,603.8,295.3,4310.0,180.51,1757.0,20170825
874.9,9289.0,2920.0,2.906,127.9,596.0,290.5,4316.0,181.85,1725.5,20170828
876.9,9473.0,2894.0,3.0555,128.1,594.1,292.0,4523.0,181.89,1743.0,20170829
894.7,9500.0,2905.0,3.1895,134.39,601.2,291.9,4607.0,183.5,1728.5,20170830
910.0,9790.0,2940.5,3.263,139.92,599.3,289.9,4547.0,183.51,1752.0,20170831
894.9,9803.0,2915.0,3.254,136.83,596.5,292.7,4608.0,183.66,1820.0,20170901
904.5,9746.0,2895.0,3.191,132.6,597.7,290.0,4700.0,184.1,1833.0,20170904
894.0,9692.0,2883.5,3.1905,131.5,602.0,298.7,4676.0,184.14,1863.0,20170905
911.7,9825.0,2919.0,3.21,132.5,599.8,314.0,4652.0,183.12,1843.0,20170906
905.0,9660.0,2876.0,3.186,128.7,600.0,312.5,4666.0,184.0,1820.0,20170907
898.3,9675.0,2925.0,3.02,131.4,606.2,314.2,4747.0,185.89,1865.5,20170908
906.0,9667.0,2909.0,3.065,130.7,600.1,314.5,4778.0,190.5,1867.0,20170911
912.3,9867.0,2961.5,3.08,134.48,604.5,310.5,4693.0,189.32,1903.5,20170912
912.2,9650.0,2938.0,3.031,133.44,606.0,311.0,4680.0,189.1,1876.0,20170913
912.6,9560.0,2970.0,2.948,132.02,606.1,321.0,4628.0,188.64,1858.0,20170914
912.2,9535.0,2978.5,2.9465,130.83,610.0,316.0,4599.0,188.75,1895.0,20170915
913.1,9547.0,3032.5,3.0495,131.4,623.0,312.1,4631.0,188.04,1893.5,20170918
891.4,9613.0,3025.0,3.05,128.9,627.0,310.1,4630.0,184.85,1872.5,20170919
907.9,9673.0,2985.0,3.078,129.32,636.8,310.1,4629.0,186.47,1872.0,20170920
892.1,9710.0,2991.5,3.0195,127.5,651.5,312.0,4600.0,187.38,1872.0,20170921
882.3,9593.0,2970.0,3.0015,128.65,645.4,310.0,4450.0,187.55,1922.0,20170922
875.9,9650.0,3039.5,2.9985,128.73,651.7,314.7,4435.0,191.2,1853.0,20170925
875.0,9607.0,3022.0,2.954,132.15,662.3,318.6,4362.0,192.54,1848.0,20170926
874.8,9649.0,3064.5,3.0005,132.25,660.3,315.1,4445.0,193.7,1867.0,20170927
867.1,9648.0,3065.0,3.012,131.16,657.0,317.0,4438.0,191.96,1856.5,20170928
869.5,9920.0,3064.0,3.03,132.29,664.0,316.3,4450.0,192.33,1873.0,20170929
883.6,10134.0,3044.5,2.985,136.2,660.0,317.7,4520.0,193.0,1906.5,20171002
892.3,10253.0,3054.0,2.966,136.7,663.5,319.3,4526.0,192.5,1961.0,20171003
887.0,10213.0,3038.5,2.9625,136.65,668.4,321.2,4545.0,192.03,1942.5,20171004
887.3,10328.0,3054.0,2.935,135.99,680.0,324.3,4578.0,193.74,1925.0,20171005
886.2,10313.0,3060.0,2.97,137.97,677.1,320.5,4543.0,194.16,1893.0,20171006
895.9,10438.0,3052.5,3.021,138.7,666.1,315.4,4585.0,194.0,1920.0,20171009
898.0,10254.0,3037.5,3.05,137.4,666.7,319.0,4597.0,193.21,1840.0,20171010
914.9,10275.0,3040.0,3.06,135.89,681.6,324.8,4590.0,195.83,1855.5,20171011
900.8,10155.0,3035.0,2.986,132.58,675.3,326.3,4620.0,195.51,1863.0,20171012
903.2,10490.0,3018.0,2.994,133.0,669.0,325.3,4625.0,196.48,1858.0,20171013
906.7,10780.0,3020.0,2.9785,136.29,667.1,309.8,4667.0,197.7,1832.0,20171016
900.0,10730.0,3003.0,2.9635,136.44,657.7,311.5,4656.0,197.2,1833.0,20171017
897.0,10756.0,3011.0,2.968,134.2,664.6,316.0,4785.0,195.31,1852.0,20171018
891.0,10527.0,2985.0,2.93,131.9,660.7,311.5,4728.0,192.2,1839.5,20171019
905.0,10696.0,2994.0,2.9105,130.75,661.8,316.9,4784.0,192.97,1796.0,20171020
911.0,10673.0,2997.0,2.8905,134.03,664.0,316.0,4703.0,192.34,1799.0,20171023
917.7,10666.0,3018.0,2.8735,137.15,656.0,311.5,4740.0,192.5,1889.0,20171024
908.5,10390.0,3005.0,2.8555,133.45,650.7,312.8,4625.0,192.04,1855.0,20171025
905.1,10425.0,2996.0,2.9455,135.07,647.0,314.2,4605.0,192.75,1896.0,20171026
905.5,10532.0,3064.5,3.0235,135.25,651.8,312.8,4671.0,196.05,1921.0,20171027
900.9,10590.0,3058.0,3.027,133.31,649.0,312.0,4689.0,195.0,1898.0,20171030
898.3,10592.0,3096.0,3.0685,133.21,651.0,311.6,4804.0,193.8,1950.0,20171031
910.7,11050.0,3144.5,3.065,134.03,654.0,310.9,4816.0,194.05,1991.5,20171101
899.2,11350.0,3150.0,3.05,132.45,652.0,310.0,4778.0,193.85,1932.0,20171102
902.3,11551.0,3168.5,3.05,131.46,651.1,311.4,4830.0,193.8,1965.0,20171103
911.0,11610.0,3325.0,3.026,132.13,672.0,314.0,4823.0,205.96,1950.5,20171107
911.5,11455.0,3336.0,3.027,132.0,674.2,312.9,4823.0,209.09,1935.5,20171108
884.5,11465.0,3368.0,3.0085,130.0,674.3,310.6,4930.0,220.05,1890.0,20171109
884.4,11400.0,3344.5,3.0335,130.83,675.2,313.9,4943.0,217.7,1856.5,20171110
897.0,11470.0,3326.0,3.0515,131.65,673.5,315.2,4994.0,216.61,1860.0,20171113
897.0,11151.0,3325.0,3.031,134.1,675.2,316.8,5182.0,221.4,1890.0,20171114
902.2,10803.0,3296.0,2.9915,132.5,656.8,307.3,5083.0,225.95,1873.0,20171115
890.3,11044.0,3304.0,3.009,133.3,663.5,316.3,5060.0,227.5,1925.5,20171116
894.6,10813.0,3304.5,3.0035,132.38,658.4,309.9,5070.0,225.65,1949.5,20171117
896.4,10544.0,3281.0,3.015,131.69,665.0,309.1,5070.0,224.6,2002.5,20171120
905.1,10515.0,3319.5,3.0125,134.92,667.0,305.6,5110.0,231.0,2038.0,20171121
905.0,10768.0,3369.0,3.0025,132.85,671.1,305.0,5046.0,230.25,1975.0,20171122
906.8,10609.0,3380.0,2.9805,132.76,669.9,313.0,5030.0,225.56,1987.5,20171123
910.5,10750.0,3395.0,2.9945,132.17,673.3,304.5,5010.0,228.0,2025.0,20171124
898.0,10550.0,3365.0,2.9815,129.0,661.4,302.0,5050.0,226.76,2017.0,20171127
901.7,10220.0,3343.0,2.999,131.3,678.7,304.5,5055.0,230.0,1991.5,20171128
895.4,10107.0,3308.5,2.96,129.93,666.4,299.0,5050.0,228.2,1957.0,20171129
924.0,9876.0,3292.5,2.95,132.25,650.0,299.6,4912.0,224.35,1940.5,20171130
912.5,10080.0,3344.0,2.905,130.22,663.5,303.5,4920.0,221.5,1931.5,20171201
875.5,10166.0,3390.5,2.819,134.31,666.0,311.1,4868.0,224.6,1907.0,20171204
868.0,10077.0,3403.0,2.819,133.96,669.8,317.3,4697.0,223.91,1899.0,20171205
880.0,10166.0,3403.0,2.875,138.76,673.0,320.0,4815.0,223.75,1900.0,20171206
892.9,10063.0,3374.5,2.8325,139.2,677.1,323.8,4780.0,219.81,1949.5,20171207
886.7,10077.0,3388.5,2.817,138.86,668.4,312.8,4714.0,220.89,1957.0,20171208
899.6,10423.0,3432.5,2.8035,147.3,676.9,316.0,4682.0,227.69,1997.5,20171211
895.0,10787.0,3473.5,2.7895,146.17,695.0,310.6,4668.0,227.9,1954.0,20171212
898.3,10512.0,3458.0,2.718,144.3,690.0,308.4,4291.0,221.8,1938.0,20171213
899.6,10669.0,3453.5,2.714,142.74,686.0,310.2,4520.0,229.9,1919.0,20171214
901.4,10595.0,3420.0,2.751,141.95,698.0,308.2,4665.0,226.53,1895.0,20171215
891.6,10680.0,3395.5,2.7745,141.8,688.6,308.8,4690.0,227.4,1892.0,20171218
892.8,10653.0,3402.0,2.79,141.55,680.0,307.0,4643.0,224.1,1902.0,20171219
877.8,10613.0,3373.0,2.788,141.85,665.1,305.3,4592.0,226.0,1873.5,20171220
871.2,10531.0,3332.5,2.807,145.75,674.7,306.9,4463.0,223.6,1884.0,20171221
876.9,10710.0,3347.0,2.7215,146.5,684.4,307.1,4428.0,221.44,1832.0,20171222
875.7,10655.0,3320.0,2.7035,145.0,671.8,306.0,4363.0,223.3,1847.0,20171225
869.2,10629.0,3288.0,2.6815,147.23,671.5,309.9,4394.0,223.57,1840.0,20171226
889.9,10621.0,3283.5,2.615,148.25,679.5,319.4,4410.0,226.98,1865.0,20171227
889.6,10694.0,3317.0,2.6155,147.0,676.0,324.9,4405.0,224.2,1883.5,20171228
887.4,10850.0,3334.5,2.624,147.22,677.7,326.5,4595.0,225.2,1894.0,20171229
897.4,11302.0,3421.5,2.6555,149.0,695.1,327.4,4466.0,231.9,1943.5,20180103
908.0,11585.0,3501.0,2.674,153.0,697.3,327.5,4478.0,238.8,1978.0,20180104
920.0,11565.0,3569.5,2.72,146.46,701.0,327.8,4469.0,238.6,1942.5,20180105
939.3,11675.0,3628.5,2.714,149.25,695.4,323.0,4556.0,240.4,1963.0,20180109
949.0,11655.0,3641.0,2.731,149.9,685.4,322.4,4411.0,237.76,1972.0,20180110
955.9,11662.0,3687.5,2.731,150.4,687.4,325.8,4357.0,239.0,1963.0,20180111
968.6,11600.0,3908.0,2.715,153.59,679.2,317.0,4328.0,237.75,1955.0,20180112
963.7,11750.0,3876.5,2.708,152.5,690.4,315.4,4382.0,238.85,1970.0,20180115
945.0,11375.0,3862.0,2.65,150.88,686.9,311.5,4487.0,239.64,1992.5,20180116
941.2,11498.0,3851.5,2.6685,151.7,689.1,314.3,4659.0,239.82,2035.0,20180117
936.2,11560.0,3855.0,2.687,152.8,693.0,307.8,4520.0,245.5,2099.0,20180118
953.0,11470.0,3825.5,2.69,154.95,700.0,296.5,4446.0,242.45,2098.5,20180119
967.8,11488.0,3870.0,2.79,157.14,704.0,303.8,4527.0,243.99,2118.5,20180122
935.4,11198.0,3841.5,2.718,153.7,703.9,313.0,4543.0,244.4,2145.0,20180123
930.0,11325.0,3850.0,2.7,150.7,709.0,312.1,4568.0,247.53,2138.0,20180124
950.0,11537.0,3825.0,2.7055,154.0,717.2,311.5,4570.0,250.64,2134.0,20180125
952.7,11420.0,3821.0,2.695,153.93,718.6,306.5,4500.0,247.0,2176.0,20180126
936.9,11539.0,3778.0,2.71,153.19,714.7,306.0,4599.0,250.48,2197.5,20180129
929.8,11483.0,3713.0,2.7545,150.9,711.6,307.0,4547.0,257.8,2150.0,20180130
919.1,11608.0,3728.0,2.7225,147.0,727.7,306.0,4580.0,264.5,2179.0,20180131
941.8,11639.0,3760.5,2.74,150.4,732.0,305.6,4535.0,263.2,2202.0,20180201
918.0,11496.0,3797.0,2.7,146.14,733.0,306.0,4509.0,257.32,2150.0,20180202
923.8,11581.0,3752.0,2.72,147.1,728.0,307.8,4542.0,255.64,2150.0,20180205
912.9,11308.0,3655.5,2.6215,144.78,729.7,305.5,4500.0,258.94,2054.5,20180206
932.2,11268.0,3735.0,2.65,146.05,736.4,305.0,4351.0,257.58,2140.5,20180207
917.8,11110.0,3686.0,2.65,143.0,731.0,305.0,4381.0,253.19,2159.0,20180208
907.0,11101.0,3617.5,2.6095,137.95,714.4,304.7,4322.0,250.11,2086.5,20180209
913.5,11147.0,3656.5,2.6625,143.7,718.0,309.3,4350.0,255.05,2127.0,20180212
941.6,11500.0,3729.5,2.645,148.79,719.1,314.5,4386.0,258.3,2135.0,20180213
930.0,11761.0,3709.0,2.6775,147.68,730.0,314.9,4467.0,262.03,2200.0,20180214
949.2,11785.0,3730.0,2.672,148.05,741.8,313.2,4490.0,264.58,2283.5,20180215
949.2,10810.0,3751.0,2.6435,149.24,737.6,316.7,4503.0,266.99,2371.5,20180216
945.3,11171.0,3715.0,2.6575,152.89,729.1,314.9,4497.0,266.85,2416.5,20180219
940.0,11060.0,3744.0,2.654,153.0,728.0,320.0,4489.0,267.22,2413.0,20180220
942.4,11300.0,3808.5,2.665,148.3,739.9,316.8,4569.0,279.2,2473.5,20180221
936.0,11380.0,3836.0,2.691,148.56,735.9,319.4,4520.0,277.49,2435.5,20180222
949.9,11874.0,3839.5,2.723,148.73,734.0,322.0,4499.0,279.97,2383.0,20180226
939.7,11550.0,3838.5,2.7515,146.65,735.0,316.0,4548.0,278.21,2386.0,20180227
918.4,11159.0,3776.5,2.7275,146.1,710.0,323.1,4646.0,272.4,2343.5,20180228
914.2,11173.0,3754.0,2.703,145.83,732.9,322.1,4706.0,275.0,2310.0,20180301
897.3,11248.0,3749.5,2.6835,144.45,732.0,323.1,4760.0,273.0,2280.5,20180302
903.2,11199.0,3730.0,2.7485,146.9,736.4,318.5,4708.0,277.0,2347.5,20180305
897.0,11161.0,3744.0,2.7005,145.36,736.9,320.0,4703.0,274.03,2389.5,20180306
891.0,11160.0,3721.0,2.688,146.3,729.3,319.0,4677.0,274.0,2427.5,20180307
886.5,11077.0,3789.0,2.748,145.55,737.5,321.7,4745.0,274.6,2469.0,20180309
886.0,11157.0,3770.0,2.71,149.45,744.8,322.4,4829.0,274.3,2450.0,20180312
884.5,11101.0,3773.0,2.6875,150.99,731.6,323.5,4930.0,273.95,2415.0,20180313
895.0,10881.0,3742.0,2.6275,150.0,726.7,322.9,4879.0,262.5,2430.5,20180314
890.8,10890.0,3800.0,2.6815,148.27,734.5,323.5,4838.0,254.51,2446.0,20180315
907.1,10927.0,3874.5,2.69,153.0,747.1,324.8,4780.0,256.15,2436.0,20180316
884.8,10911.0,3815.0,2.715,148.2,757.0,318.7,4708.0,255.0,2426.0,20180319
873.6,10950.0,3860.0,2.73,148.04,757.5,316.7,4680.0,257.15,2463.0,20180320
880.1,10932.0,3874.0,2.74,148.5,760.4,317.7,4575.0,268.88,2497.5,20180321
877.8,11003.0,3857.0,2.73,149.2,748.7,315.9,4465.0,265.5,2385.0,20180322
882.0,10998.0,3874.5,2.74,148.54,750.0,318.4,4447.0,262.0,2385.5,20180323
867.3,10750.0,3800.0,2.7795,146.35,743.1,313.0,4393.0,255.0,2344.0,20180326
865.4,10728.0,3878.0,2.841,146.63,752.8,319.0,4330.0,258.0,2364.0,20180327
865.8,10695.0,3927.0,2.846,142.06,743.0,316.0,4545.0,251.5,2265.0,20180328
869.4,10795.0,3991.5,2.9,144.22,741.9,316.7,4461.0,252.9,2314.0,20180329
872.4,10760.0,3961.0,2.9,143.5,737.6,315.2,4520.0,253.57,2287.0,20180330
870.0,10800.0,3955.5,2.959,142.58,735.2,314.0,4387.0,249.99,2253.0,20180402
874.1,10830.0,3951.0,2.922,144.25,741.0,314.0,4514.0,251.6,2263.0,20180403
868.1,10735.0,3939.0,2.888,145.28,753.1,313.7,4475.0,255.69,2249.5,20180404
881.7,10744.0,3990.0,2.8995,148.9,770.0,316.0,4497.0,262.0,2315.0,20180405
890.2,10733.0,3939.0,2.8385,150.42,762.3,315.4,4359.0,256.76,2312.0,20180406
837.0,9170.0,3620.0,2.5825,143.31,710.9,312.9,3561.0,213.0,2124.0,20180409
902.9,9813.0,3908.5,2.622,151.82,746.0,308.8,3677.0,215.48,2174.5,20180410
901.5,9888.0,4070.0,2.45,150.82,743.4,310.7,3585.0,208.0,2240.0,20180411
903.8,10376.0,3979.0,2.511,148.0,739.0,310.5,3599.0,212.21,2161.5,20180412
881.0,10490.0,3902.0,2.49,147.11,732.1,307.0,3550.0,204.7,2083.5,20180413
895.0,9900.0,3892.0,2.4765,145.0,716.0,313.2,3541.0,192.06,2020.5,20180416
922.7,10229.0,3940.0,2.5225,148.19,728.0,307.4,3657.0,207.5,2103.5,20180417
946.5,10672.0,4030.0,2.585,151.5,746.1,309.2,3718.0,215.87,2142.0,20180418
948.5,10685.0,4015.0,2.5555,151.0,734.1,312.3,3775.0,213.45,2096.5,20180419
953.7,10615.0,3985.0,2.5425,151.81,738.6,309.0,3790.0,215.36,2084.5,20180420
962.0,10875.0,3974.0,2.6,153.9,743.7,306.9,3900.0,223.25,2140.5,20180423
965.2,10860.0,3999.5,2.603,154.65,743.7,307.6,3906.0,223.0,2105.5,20180424
978.4,10803.0,4029.0,2.553,158.15,740.4,307.6,3947.0,220.45,2025.0,20180425
996.4,10988.0,4140.0,2.54,160.5,760.0,307.0,3920.0,220.7,2061.0,20180426
993.9,10989.0,4212.0,2.6,162.05,770.8,307.9,3937.0,223.91,2015.5,20180427
987.0,10948.0,4178.0,2.642,163.35,766.5,307.6,3946.0,224.87,2030.0,20180428
1011.9,10814.0,4156.5,2.5735,161.16,770.0,306.3,3995.0,226.99,2097.5,20180430
1000.0,11040.0,4141.0,2.599,157.74,758.2,306.8,3850.0,229.02,2215.0,20180502
982.1,10856.0,4068.0,2.545,153.34,748.4,308.8,3863.0,228.03,2128.0,20180503
975.5,10996.0,4108.0,2.555,153.8,765.7,317.2,3955.0,228.55,2107.0,20180504
978.3,11150.0,4121.0,2.5585,157.4,754.0,322.5,3976.0,229.86,2152.5,20180507
991.0,11094.0,4180.0,2.5785,157.88,754.0,321.1,3940.0,226.7,2127.5,20180508
973.7,10730.0,4235.0,2.552,154.7,765.0,324.6,3920.0,233.7,2190.0,20180510
986.2,10729.0,4383.0,2.5695,157.88,769.5,322.9,3868.0,235.72,2201.0,20180511
998.2,10778.0,4407.5,2.593,163.27,774.3,323.8,3885.0,237.8,2186.0,20180514
986.0,10915.0,4392.0,2.593,158.81,772.2,326.1,3737.0,231.39,2118.5,20180515
995.0,10800.0,4410.0,2.6245,161.41,768.3,327.8,3710.0,229.8,2114.0,20180516
987.2,10790.0,4354.0,2.6395,159.32,770.6,326.0,3688.0,226.05,2131.0,20180517
994.3,10732.0,4450.0,2.659,162.5,772.8,320.0,3730.0,222.2,2119.5,20180518
986.9,10922.0,4398.5,2.6365,161.56,775.1,321.5,3739.0,226.21,2142.0,20180521
986.6,10998.0,4360.0,2.6795,159.94,770.0,324.5,3738.0,225.6,2122.5,20180522
978.3,10850.0,4263.0,2.6615,159.5,761.3,326.0,3712.0,221.0,2086.5,20180523
995.3,10880.0,4230.0,2.654,163.0,757.2,326.5,3737.0,222.01,2094.0,20180524
1012.0,11090.0,4248.0,2.65,162.85,808.1,330.0,3728.0,220.0,2089.0,20180525
1006.0,11170.0,4290.0,2.7055,162.75,802.5,332.0,3785.0,220.9,2102.5,20180528
1008.6,11144.0,4224.0,2.6415,161.65,825.4,330.9,3755.0,219.0,2079.0,20180529
1002.1,11066.0,4246.5,2.623,163.27,821.2,327.8,3725.0,221.01,2072.0,20180530
1002.8,11111.0,4209.0,2.578,163.15,838.2,329.8,3750.0,222.36,2076.5,20180531
994.8,11150.0,4205.5,2.575,162.0,838.4,331.9,3800.0,220.0,2137.0,20180601
1013.3,11474.0,4299.0,2.59,167.66,841.0,331.6,3940.0,220.0,2163.5,20180604
1023.4,11551.0,4278.0,2.5725,171.3,847.1,330.8,3940.0,215.56,2213.0,20180605
1031.0,11640.0,4264.5,2.5465,170.67,844.4,331.8,3911.0,217.9,2214.0,20180606
1033.3,11644.0,4250.0,2.507,172.19,848.0,333.3,3941.0,216.41,2175.0,20180607
1015.0,11355.0,4159.5,2.4515,168.86,824.2,332.5,3785.0,210.95,2144.0,20180608
1025.0,11484.0,4193.0,2.496,171.27,827.1,333.3,3810.0,212.6,2159.0,20180609
1041.8,11500.0,4159.5,2.5555,170.5,828.2,334.6,3830.0,210.35,2192.5,20180611
1040.5,11275.0,4140.0,2.561,171.01,824.0,334.6,3845.0,215.0,2290.5,20180613
1025.9,11161.0,4090.0,2.56,169.11,813.8,333.4,3903.0,214.0,2292.0,20180614
1039.4,11066.0,4055.0,2.425,168.57,804.0,337.0,3979.0,209.36,2268.0,20180615
964.6,11051.0,4045.5,2.3435,167.3,799.5,331.6,3870.0,206.3,2287.0,20180618
958.8,11126.0,4091.0,2.3075,153.68,805.0,334.9,3890.0,206.0,2295.0,20180619
960.0,11243.0,4132.0,2.305,155.01,847.0,332.9,3943.0,212.2,2301.5,20180620
960.5,11224.0,4135.0,2.255,157.44,832.3,335.6,3806.0,210.4,2270.5,20180621
961.7,11222.0,4125.0,2.2575,157.74,827.8,318.2,3873.0,214.43,2220.0,20180622
944.0,11285.0,4140.0,2.2965,154.65,829.1,331.8,3890.0,202.51,2177.0,20180625
942.4,11222.0,4154.0,2.304,154.94,833.3,332.9,3894.0,199.91,2185.0,20180626
925.3,11100.0,4222.0,2.34,153.7,840.9,331.9,3880.0,207.95,2227.5,20180627
910.4,11115.0,4230.5,2.297,148.59,845.0,333.7,4108.0,208.5,2193.5,20180628
930.1,11399.0,4350.0,2.342,151.84,852.8,334.0,4206.0,218.0,2244.0,20180629
931.0,11600.0,4376.0,2.3385,154.7,879.3,335.0,4170.0,221.01,2257.5,20180702
934.7,11540.0,4325.0,2.291,153.01,879.9,335.0,4123.0,218.45,2240.5,20180703
930.9,11458.0,4334.5,2.312,151.53,874.7,334.5,4131.0,217.7,2236.0,20180704
942.3,11566.0,4462.0,2.292,154.27,903.7,335.0,4192.0,224.54,2226.0,20180705
941.9,11698.0,4415.5,2.2995,154.27,907.2,339.4,4186.0,226.71,2315.0,20180706
962.9,11799.0,4452.0,2.398,157.42,906.2,337.6,4276.0,230.0,2316.5,20180709
967.0,11725.0,4355.0,2.4105,161.0,901.3,338.4,4220.0,230.3,2302.5,20180710
955.0,11260.0,4280.0,2.4175,158.59,909.8,342.7,4226.0,227.57,2303.0,20180711
960.0,11359.0,4236.0,2.3815,155.65,891.8,337.9,4179.0,226.6,2345.0,20180712
961.6,11398.0,4319.0,2.4115,158.02,897.2,343.6,4260.0,229.85,2390.0,20180713
953.1,10680.0,4300.5,2.4095,156.89,898.0,339.2,4200.0,227.99,2333.0,20180716
961.3,10610.0,4262.5,2.416,157.08,886.0,345.2,4137.0,222.5,2420.0,20180717
980.7,10574.0,4299.0,2.3965,161.1,893.0,337.4,4189.0,216.28,2398.5,20180718
984.0,10350.0,4334.0,2.382,159.88,890.8,339.9,4149.0,207.5,2364.5,20180719
972.5,10255.0,4300.0,2.3335,159.46,881.6,338.9,4077.0,204.34,2329.5,20180720
983.0,10314.0,4340.0,2.3745,159.42,871.0,342.7,4142.0,208.42,2333.0,20180723
989.9,10760.0,4322.0,2.384,162.75,875.0,343.5,4292.0,215.45,2377.0,20180724
991.2,10845.0,4385.0,2.37,161.0,895.7,339.8,4361.0,213.7,2391.5,20180725
997.5,10827.0,4420.0,2.4185,163.45,914.5,340.8,4437.0,210.0,2430.0,20180726
1014.7,10848.0,4425.0,2.4045,163.64,920.0,341.2,4478.0,208.9,2388.0,20180727
1009.0,10866.0,4410.0,2.41,163.3,907.8,341.2,4416.0,211.33,2242.5,20180730
1020.3,10882.0,4451.5,2.4015,162.4,924.4,342.5,4469.0,214.86,2250.0,20180731
1013.4,10782.0,4494.0,2.41,160.32,930.2,341.2,4355.0,210.6,2272.0,20180801
996.1,10700.0,4501.5,2.35,159.8,929.4,339.3,4442.0,206.6,2237.0,20180802
1024.5,10814.0,4499.5,2.312,163.12,924.9,341.3,4359.0,202.21,2252.5,20180803
1024.0,10770.0,4479.0,2.28,161.82,926.0,348.5,4425.0,203.9,2230.5,20180806
1021.4,10830.0,4520.0,2.225,160.32,939.9,344.1,4480.0,201.79,2272.5,20180807
1024.9,10830.0,4499.0,2.165,158.9,923.6,346.6,4383.0,193.2,2185.0,20180808
1018.8,10999.0,4598.0,2.096,160.62,933.0,349.9,4450.0,195.9,2132.0,20180809
986.1,10800.0,4577.0,2.16,152.0,939.5,351.9,4214.0,186.15,2128.0,20180810
1019.9,11005.0,4541.0,2.1255,155.9,959.1,350.7,4165.0,190.0,2152.5,20180813
1024.5,10990.0,4460.0,2.086,155.48,987.6,350.0,4220.0,192.76,2150.0,20180814
1022.8,11000.0,4428.5,2.032,155.54,974.0,358.6,4146.0,187.98,2091.0,20180815
1018.0,10901.0,4396.0,2.0185,153.38,978.8,359.0,4116.0,191.6,2123.5,20180816
1020.2,10821.0,4375.0,2.0265,155.16,977.0,348.5,4055.0,189.55,2099.0,20180817
1045.0,10950.0,4386.0,2.012,157.74,981.0,352.4,4208.0,191.2,2133.5,20180820
1049.4,10930.0,4465.0,2.004,158.8,982.0,356.2,4190.0,191.8,2164.0,20180821
1058.8,11074.0,4512.5,2.0095,160.7,998.0,362.2,4268.0,187.8,2137.0,20180822
1049.5,10950.0,4450.0,2.01,158.0,995.0,362.6,4255.0,178.71,2120.0,20180823
1075.0,11015.0,4500.5,1.9825,159.5,1013.1,362.9,4393.0,180.39,2115.0,20180824
1093.1,11072.0,4577.0,1.9705,160.2,1070.0,363.2,4398.0,183.27,2151.0,20180827
1084.0,11250.0,4587.5,1.96,165.2,1067.0,361.0,4337.0,182.0,2153.5,20180828
1097.0,11338.0,4638.5,1.9995,168.32,1111.8,361.1,4241.0,183.5,2168.5,20180829
1086.5,11262.0,4702.0,1.9055,168.0,1099.5,364.0,4149.0,178.0,2142.0,20180830
1086.1,11220.0,4700.5,1.8565,165.66,1083.0,364.0,4373.0,182.0,2150.0,20180831
1093.8,11287.0,4728.0,1.928,168.6,1080.0,343.7,4367.0,181.21,2179.5,20180903
1086.6,11250.0,4717.0,1.913,164.74,1100.9,340.7,4350.0,179.5,2168.0,20180904
1067.6,11136.0,4637.0,1.956,163.78,1120.1,345.7,4289.0,178.46,2125.0,20180905
1059.0,11206.0,4610.5,1.9655,163.5,1167.0,346.7,4361.0,175.0,2105.5,20180906
1057.0,11200.0,4623.0,1.931,165.94,1150.9,346.9,4308.0,174.9,2098.5,20180907
1065.0,11365.0,4688.5,1.9095,170.0,1129.5,345.3,4336.0,171.21,2111.5,20180910
1077.5,11456.0,4706.5,1.8605,169.36,1125.2,343.6,4350.0,169.36,2094.5,20180911
1083.0,11565.0,4622.5,1.904,169.78,1112.3,346.8,4299.0,173.9,2066.5,20180912
1095.6,11637.0,4659.0,1.9185,169.52,1092.1,350.3,4233.0,183.5,2132.0,20180913
1087.0,11525.0,4604.0,2.012,170.2,1087.7,347.8,4145.0,188.71,2187.0,20180914
1079.2,11540.0,4631.0,2.065,171.34,1074.1,346.5,4105.0,188.11,2148.0,20180917
1078.2,11587.0,4685.0,2.073,173.36,1139.8,347.6,4110.0,191.65,2144.5,20180918
1082.4,11651.0,4719.0,2.05,172.34,1115.3,344.1,4089.0,193.9,2145.0,20180919
1098.5,11705.0,4701.0,2.05,174.88,1135.9,343.0,4075.0,191.16,2174.5,20180920
1115.0,12073.0,4737.5,2.0225,177.82,1113.5,348.2,4122.0,193.44,2204.0,20180921
1072.0,11916.0,4780.0,1.982,176.6,1111.0,344.9,4060.0,198.75,2193.5,20180924
1073.2,11957.0,4900.0,1.996,177.52,1104.5,346.8,4053.0,195.55,2213.0,20180925
1064.0,11886.0,4828.5,2.034,171.56,1107.0,347.1,4048.0,195.79,2216.0,20180926
1091.5,11830.0,4952.0,2.043,179.0,1147.5,345.8,4094.0,204.1,2185.0,20180927
1091.3,11388.0,5022.0,2.098,177.9,1168.2,347.6,4128.0,203.32,2160.5,20180928
1083.4,11307.0,5016.0,2.0735,177.22,1174.8,349.2,4090.0,204.2,2134.0,20181001
1078.7,11229.0,4898.5,2.0665,178.5,1162.7,353.3,4145.0,199.5,2136.5,20181002
1099.6,11365.0,5035.0,2.026,184.0,1200.0,351.4,4180.0,198.3,2172.5,20181003
1109.1,11416.0,4990.0,1.9925,182.0,1197.0,351.8,4170.0,189.35,2157.5,20181004
1094.2,11292.0,4987.0,1.982,178.1,1183.3,344.6,4150.0,187.2,2143.0,20181005
1089.9,11321.0,4966.0,2.023,178.42,1180.0,348.1,4152.0,191.85,2170.5,20181008
1103.2,11403.0,4971.5,1.9895,180.4,1145.0,347.6,4140.0,191.25,2220.0,20181009
1092.8,11376.0,4901.5,1.913,176.34,1170.0,349.3,4110.0,189.89,2146.0,20181010
1065.0,11253.0,4804.0,1.918,167.1,1126.0,350.2,4222.0,185.27,2118.0,20181011
1057.0,11170.0,4806.0,1.925,168.26,1163.0,348.4,4240.0,191.85,2140.0,20181012
1030.0,11088.0,4747.0,1.9405,165.0,1168.0,346.9,4204.0,190.92,2178.0,20181015
1044.0,11264.0,4795.0,1.933,167.86,1154.6,343.3,4316.0,196.05,2307.0,20181016
1073.0,11430.0,4773.0,1.951,171.3,1117.4,349.0,4350.0,194.05,2310.0,20181017
1054.8,11360.0,4694.5,1.9795,166.0,1103.5,349.5,4314.0,191.0,2235.0,20181018
1049.3,11378.0,4693.0,1.9655,160.4,1083.6,347.3,4300.0,183.8,1790.0,20181019
1054.5,11291.0,4673.5,1.931,158.5,1051.1,350.8,4213.0,180.7,1755.0,20181022
1018.9,11061.0,4770.0,1.89,158.2,1084.0,353.4,4239.0,181.0,1760.0,20181023
1009.1,11025.0,4995.0,1.97,156.7,1039.0,354.6,4165.0,188.01,1781.0,20181024
1015.5,10902.0,4943.0,1.942,161.0,1051.0,347.9,4180.0,186.71,1777.0,20181025
994.5,10650.0,4888.5,1.9115,158.72,1036.4,346.6,4137.0,181.0,1761.5,20181026
1001.4,10679.0,4872.5,1.93,159.84,1067.5,340.5,4200.0,185.59,1859.5,20181029
996.8,10702.0,4778.5,1.924,158.02,1031.5,348.9,4099.0,184.78,1843.0,20181030
1030.0,11000.0,4945.0,1.9285,160.42,1049.8,352.3,4152.0,189.8,1916.5,20181031
1026.0,11250.0,4937.0,1.907,159.06,1082.1,353.7,4148.5,188.67,1999.0,20181101
1040.5,11470.0,4980.0,1.89,157.94,1080.4,353.2,4185.0,192.6,1995.0,20181102
1032.6,11565.0,5055.0,1.905,157.92,1081.6,353.4,4214.0,197.8,2002.0,20181106
1042.6,11695.0,5174.5,1.882,157.6,1103.8,351.2,4247.0,201.9,1995.0,20181107
1025.6,11698.0,5160.0,1.893,156.8,1087.2,353.8,4260.0,202.89,1982.0,20181108
1039.3,11689.0,5094.5,1.867,161.74,1062.3,348.8,4356.0,195.75,1921.5,20181109
1033.5,11608.0,5129.0,1.854,160.96,1058.2,350.3,4330.0,196.82,1886.0,20181112
1037.0,11608.0,4959.5,1.842,164.0,1087.5,351.6,4323.5,196.56,1903.5,20181113
1024.9,11683.0,4856.5,1.811,164.6,1128.0,352.1,4400.0,199.2,1940.0,20181114
1023.5,11701.0,4854.0,1.774,164.38,1118.0,353.7,4329.5,200.15,1920.0,20181115
1024.1,11714.0,4824.0,1.761,164.26,1124.6,349.9,4295.0,199.26,1916.0,20181116
1010.0,11746.0,4845.5,1.76,163.24,1131.4,351.5,4480.0,197.99,1924.5,20181119
1005.0,11742.0,4809.5,1.712,163.5,1119.6,352.2,4450.0,194.21,1902.0,20181120
1015.8,11820.0,4800.0,1.7,162.66,1135.0,355.3,4550.0,197.5,1909.0,20181121
1006.6,11876.0,4813.5,1.701,163.86,1124.0,354.3,4689.0,199.4,1921.0,20181122
1002.0,11954.0,4670.0,1.699,164.86,1115.6,353.7,4732.0,197.3,1898.5,20181123
998.0,11959.0,4623.0,1.675,162.28,1096.0,348.4,4752.0,188.5,1920.0,20181126
986.4,12379.0,4689.0,1.674,161.2,1104.9,350.6,4700.0,191.03,1945.0,20181127
997.1,12770.0,4717.5,1.68,159.04,1143.5,352.2,4688.5,190.2,1945.5,20181128
1003.0,12691.0,4766.0,1.767,160.96,1167.8,356.2,4704.0,195.76,1967.5,20181129
1002.7,12738.0,4896.0,1.75,158.36,1127.2,351.1,4827.5,194.0,1965.0,20181130
978.0,12817.0,5098.5,1.88,161.44,1149.7,351.0,4695.5,200.3,1989.0,20181203
964.3,12666.0,5209.0,1.905,161.14,1130.0,351.5,4715.0,199.0,1957.5,20181204
960.6,12820.0,5260.0,1.919,158.38,1136.3,352.0,4780.0,196.0,1955.0,20181205
952.5,12699.0,5162.5,1.876,157.76,1128.0,352.9,4775.0,192.19,1914.0,20181206
955.1,12745.0,5266.5,1.886,158.36,1117.1,355.0,4847.5,195.01,1912.5,20181207
947.7,12630.0,5173.5,1.882,156.0,1104.0,356.1,5024.5,191.8,1903.0,20181210
940.0,12738.0,5267.0,1.883,156.26,1100.6,354.9,4873.5,192.57,1869.5,20181211
937.9,12890.0,5102.0,1.86,156.56,1097.0,353.5,4878.0,190.45,1871.5,20181212
940.4,13220.0,5131.5,1.88,154.16,1107.0,352.0,4999.0,189.17,1888.0,20181213
936.2,13160.0,5100.0,1.885,151.64,1123.8,352.4,4991.5,184.93,1860.5,20181214
957.9,13349.0,5100.0,1.88,153.84,1117.1,355.2,5024.5,182.3,1869.0,20181217
957.3,13212.0,4925.0,1.896,154.88,1119.3,357.5,5053.0,186.6,1856.0,20181218
969.4,13125.0,4910.0,1.969,153.96,1120.1,358.1,5175.5,188.85,1894.0,20181219
962.5,13217.0,4808.5,1.97,153.1,1127.7,361.8,5167.0,189.3,1864.0,20181220
945.0,13014.0,4930.0,2.04,151.92,1121.1,362.1,5300.0,186.79,1860.5,20181221
934.8,12783.0,4909.0,2.02,153.88,1110.5,369.7,5300.0,184.3,1840.5,20181224
926.8,12555.0,4810.0,2.028,151.54,1087.6,370.0,5219.0,183.3,1828.0,20181225
915.0,12867.0,4829.5,2.06,150.98,1096.5,376.4,5200.0,183.4,1832.0,20181226
929.5,12889.0,4884.0,2.02,151.98,1106.4,376.9,5298.5,185.0,1880.0,20181227
937.7,13073.0,4955.5,2.0,157.0,1126.8,375.6,5392.0,186.5,1916.0,20181228
942.9,13039.0,4997.0,2.045,157.42,1131.1,374.6,5399.0,186.34,1926.0,20181229
